exp,seed,regola,budget,normali_selezionate,q_conformal,bal_partenza,bal_acc,esito
bot->ton,42,casuale,8,1,0.07708550903094413,0.7691993874927814,0.49368923957877553,ok
bot->ton,42,margine,8,1,0.07708550903094413,0.7691993874927814,0.5717392299980926,ok
bot->ton,42,strat_z,8,1,0.07708550903094413,0.7691993874927814,0.6216724119002611,ok
bot->ton,42,conformal,8,1,0.07708550903094413,0.7691993874927814,0.7782836416931027,ok
bot->ton,42,conformal_top,8,1,0.07708550903094413,0.7691993874927814,0.5717392299980926,ok
bot->ton,42,misto,8,1,0.07708550903094413,0.7691993874927814,0.7513440460443377,ok
bot->ton,42,adattiva,8,3,0.07708550903094413,0.7691993874927814,0.7970054982692645,ok
bot->ton,42,bilanciato,8,4,0.07708550903094413,0.7691993874927814,0.8490915175076288,ok
bot->ton,42,casuale,32,4,0.07708550903094413,0.7691993874927814,0.9157963650351661,ok
bot->ton,42,margine,32,5,0.07708550903094413,0.7691993874927814,0.7850814556787322,ok
bot->ton,42,strat_z,32,10,0.07708550903094413,0.7691993874927814,0.8948025700432005,ok
bot->ton,42,conformal,32,5,0.07708550903094413,0.7691993874927814,0.8503138106328147,ok
bot->ton,42,conformal_top,32,5,0.07708550903094413,0.7691993874927814,0.7850814556787322,ok
bot->ton,42,misto,32,6,0.07708550903094413,0.7691993874927814,0.7712444075799016,ok
bot->ton,42,adattiva,32,9,0.07708550903094413,0.7691993874927814,0.8457928462398352,ok
bot->ton,42,bilanciato,32,16,0.07708550903094413,0.7691993874927814,0.8002783264532258,ok
bot->ton,42,casuale,128,30,0.07708550903094413,0.7691993874927814,0.9115717167104762,ok
bot->ton,42,margine,128,6,0.07708550903094413,0.7691993874927814,0.5471066879067303,ok
bot->ton,42,strat_z,128,25,0.07708550903094413,0.7691993874927814,0.9055699049972358,ok
bot->ton,42,conformal,128,19,0.07708550903094413,0.7691993874927814,0.8483881437052285,ok
bot->ton,42,conformal_top,128,6,0.07708550903094413,0.7691993874927814,0.5471066879067303,ok
bot->ton,42,misto,128,27,0.07708550903094413,0.7691993874927814,0.8375248299849711,ok
bot->ton,42,adattiva,128,23,0.07708550903094413,0.7691993874927814,0.8530280220143857,ok
bot->ton,42,bilanciato,128,64,0.07708550903094413,0.7691993874927814,0.9072069763009621,ok
bot->ton,42,casuale,512,121,0.07708550903094413,0.7691993874927814,0.9089236517694135,ok
bot->ton,42,margine,512,12,0.07708550903094413,0.7691993874927814,0.666369692527805,ok
bot->ton,42,strat_z,512,131,0.07708550903094413,0.7691993874927814,0.8348283911024686,ok
bot->ton,42,conformal,512,65,0.07708550903094413,0.7691993874927814,0.8454041952588129,ok
bot->ton,42,conformal_top,512,12,0.07708550903094413,0.7691993874927814,0.666369692527805,ok
bot->ton,42,misto,512,63,0.07708550903094413,0.7691993874927814,0.9171493792803239,ok
bot->ton,42,adattiva,512,127,0.07708550903094413,0.7691993874927814,0.9139597001161048,ok
bot->ton,42,bilanciato,512,256,0.07708550903094413,0.7691993874927814,0.9114693215818631,ok
bot->ton,43,casuale,8,1,0.23367718595692688,0.6143289645001646,0.7641980429091679,ok
bot->ton,43,margine,8,0,0.23367718595692688,0.6143289645001646,,fallita: una sola classe
bot->ton,43,strat_z,8,0,0.23367718595692688,0.6143289645001646,,fallita: una sola classe
bot->ton,43,conformal,8,0,0.23367718595692688,0.6143289645001646,,fallita: una sola classe
bot->ton,43,conformal_top,8,0,0.23367718595692688,0.6143289645001646,,fallita: una sola classe
bot->ton,43,misto,8,0,0.23367718595692688,0.6143289645001646,,fallita: una sola classe
bot->ton,43,adattiva,8,2,0.23367718595692688,0.6143289645001646,0.7521277273900622,ok
bot->ton,43,bilanciato,8,4,0.23367718595692688,0.6143289645001646,0.6874804689136089,ok
bot->ton,43,casuale,32,6,0.23367718595692688,0.6143289645001646,0.9155074279184343,ok
bot->ton,43,margine,32,0,0.23367718595692688,0.6143289645001646,,fallita: una sola classe
bot->ton,43,strat_z,32,7,0.23367718595692688,0.6143289645001646,0.8241231804722344,ok
bot->ton,43,conformal,32,2,0.23367718595692688,0.6143289645001646,0.48982056858246453,ok
bot->ton,43,conformal_top,32,0,0.23367718595692688,0.6143289645001646,,fallita: una sola classe
bot->ton,43,misto,32,4,0.23367718595692688,0.6143289645001646,0.861469402227519,ok
bot->ton,43,adattiva,32,8,0.23367718595692688,0.6143289645001646,0.8705389689432828,ok
bot->ton,43,bilanciato,32,16,0.23367718595692688,0.6143289645001646,0.8995833610957411,ok
bot->ton,43,casuale,128,26,0.23367718595692688,0.6143289645001646,0.8983951172569734,ok
bot->ton,43,margine,128,0,0.23367718595692688,0.6143289645001646,,fallita: una sola classe
bot->ton,43,strat_z,128,29,0.23367718595692688,0.6143289645001646,0.9417886136261447,ok
bot->ton,43,conformal,128,8,0.23367718595692688,0.6143289645001646,0.5591601710579168,ok
bot->ton,43,conformal_top,128,0,0.23367718595692688,0.6143289645001646,,fallita: una sola classe
bot->ton,43,misto,128,12,0.23367718595692688,0.6143289645001646,0.8543835933886046,ok
bot->ton,43,adattiva,128,34,0.23367718595692688,0.6143289645001646,0.9363233148688048,ok
bot->ton,43,bilanciato,128,64,0.23367718595692688,0.6143289645001646,0.9130310184558832,ok
bot->ton,43,casuale,512,119,0.23367718595692688,0.6143289645001646,0.9295753598513108,ok
bot->ton,43,margine,512,1,0.23367718595692688,0.6143289645001646,0.503472394404906,ok
bot->ton,43,strat_z,512,114,0.23367718595692688,0.6143289645001646,0.9303828753711096,ok
bot->ton,43,conformal,512,32,0.23367718595692688,0.6143289645001646,0.7667171667283403,ok
bot->ton,43,conformal_top,512,1,0.23367718595692688,0.6143289645001646,0.503472394404906,ok
bot->ton,43,misto,512,62,0.23367718595692688,0.6143289645001646,0.9202564410707483,ok
bot->ton,43,adattiva,512,113,0.23367718595692688,0.6143289645001646,0.9296214765830926,ok
bot->ton,43,bilanciato,512,256,0.23367718595692688,0.6143289645001646,0.9265010353979493,ok
bot->ton,44,casuale,8,2,0.10297714535807656,0.6903818532317456,0.7977598077078321,ok
bot->ton,44,margine,8,0,0.10297714535807656,0.6903818532317456,,fallita: una sola classe
bot->ton,44,strat_z,8,1,0.10297714535807656,0.6903818532317456,0.6649309128163239,ok
bot->ton,44,conformal,8,1,0.10297714535807656,0.6903818532317456,0.5514860460526729,ok
bot->ton,44,conformal_top,8,0,0.10297714535807656,0.6903818532317456,,fallita: una sola classe
bot->ton,44,misto,8,1,0.10297714535807656,0.6903818532317456,0.7479242496993808,ok
bot->ton,44,adattiva,8,3,0.10297714535807656,0.6903818532317456,0.7388637681703072,ok
bot->ton,44,bilanciato,8,4,0.10297714535807656,0.6903818532317456,0.7320468481385887,ok
bot->ton,44,casuale,32,10,0.10297714535807656,0.6903818532317456,0.8422371231874262,ok
bot->ton,44,margine,32,0,0.10297714535807656,0.6903818532317456,,fallita: una sola classe
bot->ton,44,strat_z,32,9,0.10297714535807656,0.6903818532317456,0.7811458816282124,ok
bot->ton,44,conformal,32,4,0.10297714535807656,0.6903818532317456,0.7745552479027376,ok
bot->ton,44,conformal_top,32,0,0.10297714535807656,0.6903818532317456,,fallita: una sola classe
bot->ton,44,misto,32,1,0.10297714535807656,0.6903818532317456,0.4262041781341924,ok
bot->ton,44,adattiva,32,11,0.10297714535807656,0.6903818532317456,0.8232326720925814,ok
bot->ton,44,bilanciato,32,16,0.10297714535807656,0.6903818532317456,0.9053313830905374,ok
bot->ton,44,casuale,128,28,0.10297714535807656,0.6903818532317456,0.9165929135746325,ok
bot->ton,44,margine,128,0,0.10297714535807656,0.6903818532317456,,fallita: una sola classe
bot->ton,44,strat_z,128,28,0.10297714535807656,0.6903818532317456,0.9198220870037419,ok
bot->ton,44,conformal,128,17,0.10297714535807656,0.6903818532317456,0.8411176545607492,ok
bot->ton,44,conformal_top,128,0,0.10297714535807656,0.6903818532317456,,fallita: una sola classe
bot->ton,44,misto,128,15,0.10297714535807656,0.6903818532317456,0.8389028937600687,ok
bot->ton,44,adattiva,128,28,0.10297714535807656,0.6903818532317456,0.8346099524214202,ok
bot->ton,44,bilanciato,128,64,0.10297714535807656,0.6903818532317456,0.9166288349494238,ok
bot->ton,44,casuale,512,125,0.10297714535807656,0.6903818532317456,0.9340038674142781,ok
bot->ton,44,margine,512,3,0.10297714535807656,0.6903818532317456,0.48153623560294256,ok
bot->ton,44,strat_z,512,120,0.10297714535807656,0.6903818532317456,0.9255919016066132,ok
bot->ton,44,conformal,512,65,0.10297714535807656,0.6903818532317456,0.822869667988994,ok
bot->ton,44,conformal_top,512,3,0.10297714535807656,0.6903818532317456,0.48153623560294256,ok
bot->ton,44,misto,512,55,0.10297714535807656,0.6903818532317456,0.931951411295304,ok
bot->ton,44,adattiva,512,126,0.10297714535807656,0.6903818532317456,0.9381131287845939,ok
bot->ton,44,bilanciato,512,256,0.10297714535807656,0.6903818532317456,0.934996632277433,ok
bot->ton,45,casuale,8,3,0.0950856877562517,0.5944091193035401,0.7870614480935474,ok
bot->ton,45,margine,8,0,0.0950856877562517,0.5944091193035401,,fallita: una sola classe
bot->ton,45,strat_z,8,2,0.0950856877562517,0.5944091193035401,0.7725874405046435,ok
bot->ton,45,conformal,8,3,0.0950856877562517,0.5944091193035401,0.6596241012230701,ok
bot->ton,45,conformal_top,8,0,0.0950856877562517,0.5944091193035401,,fallita: una sola classe
bot->ton,45,misto,8,2,0.0950856877562517,0.5944091193035401,0.6381863726643926,ok
bot->ton,45,adattiva,8,0,0.0950856877562517,0.5944091193035401,,fallita: una sola classe
bot->ton,45,bilanciato,8,4,0.0950856877562517,0.5944091193035401,0.7674661945185944,ok
bot->ton,45,casuale,32,6,0.0950856877562517,0.5944091193035401,0.7619900518719258,ok
bot->ton,45,margine,32,0,0.0950856877562517,0.5944091193035401,,fallita: una sola classe
bot->ton,45,strat_z,32,7,0.0950856877562517,0.5944091193035401,0.8339220920980236,ok
bot->ton,45,conformal,32,1,0.0950856877562517,0.5944091193035401,0.5476414994973191,ok
bot->ton,45,conformal_top,32,0,0.0950856877562517,0.5944091193035401,,fallita: una sola classe
bot->ton,45,misto,32,4,0.0950856877562517,0.5944091193035401,0.8200095781596634,ok
bot->ton,45,adattiva,32,7,0.0950856877562517,0.5944091193035401,0.7848771432305632,ok
bot->ton,45,bilanciato,32,16,0.0950856877562517,0.5944091193035401,0.8557023395318852,ok
bot->ton,45,casuale,128,27,0.0950856877562517,0.5944091193035401,0.9211947733455179,ok
bot->ton,45,margine,128,0,0.0950856877562517,0.5944091193035401,,fallita: una sola classe
bot->ton,45,strat_z,128,30,0.0950856877562517,0.5944091193035401,0.9193730476068736,ok
bot->ton,45,conformal,128,9,0.0950856877562517,0.5944091193035401,0.6190383782640071,ok
bot->ton,45,conformal_top,128,0,0.0950856877562517,0.5944091193035401,,fallita: una sola classe
bot->ton,45,misto,128,18,0.0950856877562517,0.5944091193035401,0.869419981431489,ok
bot->ton,45,adattiva,128,27,0.0950856877562517,0.5944091193035401,0.8455848491572633,ok
bot->ton,45,bilanciato,128,64,0.0950856877562517,0.5944091193035401,0.8084428948547739,ok
bot->ton,45,casuale,512,139,0.0950856877562517,0.5944091193035401,0.9230655093694234,ok
bot->ton,45,margine,512,0,0.0950856877562517,0.5944091193035401,,fallita: una sola classe
bot->ton,45,strat_z,512,123,0.0950856877562517,0.5944091193035401,0.9305924964896635,ok
bot->ton,45,conformal,512,37,0.0950856877562517,0.5944091193035401,0.8227034828302963,ok
bot->ton,45,conformal_top,512,0,0.0950856877562517,0.5944091193035401,,fallita: una sola classe
bot->ton,45,misto,512,76,0.0950856877562517,0.5944091193035401,0.9036061226608063,ok
bot->ton,45,adattiva,512,122,0.0950856877562517,0.5944091193035401,0.909802522401078,ok
bot->ton,45,bilanciato,512,256,0.0950856877562517,0.5944091193035401,0.9259672318391743,ok
bot->ton,46,casuale,8,1,0.21930126396208993,0.6946954897760225,0.4310749163640716,ok
bot->ton,46,margine,8,0,0.21930126396208993,0.6946954897760225,,fallita: una sola classe
bot->ton,46,strat_z,8,2,0.21930126396208993,0.6946954897760225,0.6885709711814021,ok
bot->ton,46,conformal,8,0,0.21930126396208993,0.6946954897760225,,fallita: una sola classe
bot->ton,46,conformal_top,8,0,0.21930126396208993,0.6946954897760225,,fallita: una sola classe
bot->ton,46,misto,8,2,0.21930126396208993,0.6946954897760225,0.833735342558135,ok
bot->ton,46,adattiva,8,1,0.21930126396208993,0.6946954897760225,0.7826975555134938,ok
bot->ton,46,bilanciato,8,4,0.21930126396208993,0.6946954897760225,0.778460328602566,ok
bot->ton,46,casuale,32,6,0.21930126396208993,0.6946954897760225,0.9118565048278167,ok
bot->ton,46,margine,32,0,0.21930126396208993,0.6946954897760225,,fallita: una sola classe
bot->ton,46,strat_z,32,9,0.21930126396208993,0.6946954897760225,0.838886858596167,ok
bot->ton,46,conformal,32,0,0.21930126396208993,0.6946954897760225,,fallita: una sola classe
bot->ton,46,conformal_top,32,0,0.21930126396208993,0.6946954897760225,,fallita: una sola classe
bot->ton,46,misto,32,3,0.21930126396208993,0.6946954897760225,0.7787780793621687,ok
bot->ton,46,adattiva,32,10,0.21930126396208993,0.6946954897760225,0.9218853909210991,ok
bot->ton,46,bilanciato,32,16,0.21930126396208993,0.6946954897760225,0.774464564239062,ok
bot->ton,46,casuale,128,37,0.21930126396208993,0.6946954897760225,0.9363975746570579,ok
bot->ton,46,margine,128,2,0.21930126396208993,0.6946954897760225,0.5746019152647386,ok
bot->ton,46,strat_z,128,33,0.21930126396208993,0.6946954897760225,0.9334626704085716,ok
bot->ton,46,conformal,128,3,0.21930126396208993,0.6946954897760225,0.7421929351108262,ok
bot->ton,46,conformal_top,128,2,0.21930126396208993,0.6946954897760225,0.5746019152647386,ok
bot->ton,46,misto,128,15,0.21930126396208993,0.6946954897760225,0.8355936439789826,ok
bot->ton,46,adattiva,128,32,0.21930126396208993,0.6946954897760225,0.8627245762065443,ok
bot->ton,46,bilanciato,128,64,0.21930126396208993,0.6946954897760225,0.9320154627870437,ok
bot->ton,46,casuale,512,135,0.21930126396208993,0.6946954897760225,0.9336444323889956,ok
bot->ton,46,margine,512,5,0.21930126396208993,0.6946954897760225,0.5186910851722039,ok
bot->ton,46,strat_z,512,115,0.21930126396208993,0.6946954897760225,0.9253913178753173,ok
bot->ton,46,conformal,512,7,0.21930126396208993,0.6946954897760225,0.7797787295623224,ok
bot->ton,46,conformal_top,512,5,0.21930126396208993,0.6946954897760225,0.5186910851722039,ok
bot->ton,46,misto,512,60,0.21930126396208993,0.6946954897760225,0.9297063236536682,ok
bot->ton,46,adattiva,512,141,0.21930126396208993,0.6946954897760225,0.9332506679366585,ok
bot->ton,46,bilanciato,512,256,0.21930126396208993,0.6946954897760225,0.9361774097080898,ok
bot->ton,47,casuale,8,1,0.22031574749924443,0.6417504224337599,0.7803424688553882,ok
bot->ton,47,margine,8,2,0.22031574749924443,0.6417504224337599,0.5808095262762428,ok
bot->ton,47,strat_z,8,1,0.22031574749924443,0.6417504224337599,0.6000966856690272,ok
bot->ton,47,conformal,8,0,0.22031574749924443,0.6417504224337599,,fallita: una sola classe
bot->ton,47,conformal_top,8,2,0.22031574749924443,0.6417504224337599,0.5808095262762428,ok
bot->ton,47,misto,8,3,0.22031574749924443,0.6417504224337599,0.5725469452483148,ok
bot->ton,47,adattiva,8,1,0.22031574749924443,0.6417504224337599,0.4989876921287153,ok
bot->ton,47,bilanciato,8,4,0.22031574749924443,0.6417504224337599,0.8188552040801097,ok
bot->ton,47,casuale,32,12,0.22031574749924443,0.6417504224337599,0.9106442443648328,ok
bot->ton,47,margine,32,2,0.22031574749924443,0.6417504224337599,0.498986321547848,ok
bot->ton,47,strat_z,32,8,0.22031574749924443,0.6417504224337599,0.9190984061446255,ok
bot->ton,47,conformal,32,2,0.22031574749924443,0.6417504224337599,0.5691190187899294,ok
bot->ton,47,conformal_top,32,2,0.22031574749924443,0.6417504224337599,0.498986321547848,ok
bot->ton,47,misto,32,6,0.22031574749924443,0.6417504224337599,0.8814527867616706,ok
bot->ton,47,adattiva,32,7,0.22031574749924443,0.6417504224337599,0.8413252734588894,ok
bot->ton,47,bilanciato,32,16,0.22031574749924443,0.6417504224337599,0.9200348402073473,ok
bot->ton,47,casuale,128,29,0.22031574749924443,0.6417504224337599,0.9226500979127392,ok
bot->ton,47,margine,128,2,0.22031574749924443,0.6417504224337599,0.49860687281571314,ok
bot->ton,47,strat_z,128,28,0.22031574749924443,0.6417504224337599,0.916001769388862,ok
bot->ton,47,conformal,128,9,0.22031574749924443,0.6417504224337599,0.8450414849373988,ok
bot->ton,47,conformal_top,128,2,0.22031574749924443,0.6417504224337599,0.49860687281571314,ok
bot->ton,47,misto,128,17,0.22031574749924443,0.6417504224337599,0.9086415246145289,ok
bot->ton,47,adattiva,128,23,0.22031574749924443,0.6417504224337599,0.7809361230223615,ok
bot->ton,47,bilanciato,128,64,0.22031574749924443,0.6417504224337599,0.9181763193665982,ok
bot->ton,47,casuale,512,123,0.22031574749924443,0.6417504224337599,0.9402540196971745,ok
bot->ton,47,margine,512,4,0.22031574749924443,0.6417504224337599,0.42147317928019973,ok
bot->ton,47,strat_z,512,116,0.22031574749924443,0.6417504224337599,0.9370835883517628,ok
bot->ton,47,conformal,512,39,0.22031574749924443,0.6417504224337599,0.847791849106462,ok
bot->ton,47,conformal_top,512,4,0.22031574749924443,0.6417504224337599,0.42147317928019973,ok
bot->ton,47,misto,512,70,0.22031574749924443,0.6417504224337599,0.9366835119468936,ok
bot->ton,47,adattiva,512,126,0.22031574749924443,0.6417504224337599,0.9263616955197167,ok
bot->ton,47,bilanciato,512,256,0.22031574749924443,0.6417504224337599,0.9252012567713758,ok
bot->ton,48,casuale,8,1,0.23605032275302318,0.6784248283998684,0.5941280064703109,ok
bot->ton,48,margine,8,0,0.23605032275302318,0.6784248283998684,,fallita: una sola classe
bot->ton,48,strat_z,8,3,0.23605032275302318,0.6784248283998684,0.7775890532865397,ok
bot->ton,48,conformal,8,1,0.23605032275302318,0.6784248283998684,0.5867015795319757,ok
bot->ton,48,conformal_top,8,0,0.23605032275302318,0.6784248283998684,,fallita: una sola classe
bot->ton,48,misto,8,1,0.23605032275302318,0.6784248283998684,0.6816697846289572,ok
bot->ton,48,adattiva,8,1,0.23605032275302318,0.6784248283998684,0.5720949331676964,ok
bot->ton,48,bilanciato,8,4,0.23605032275302318,0.6784248283998684,0.7618783953625697,ok
bot->ton,48,casuale,32,2,0.23605032275302318,0.6784248283998684,0.8043602972342702,ok
bot->ton,48,margine,32,0,0.23605032275302318,0.6784248283998684,,fallita: una sola classe
bot->ton,48,strat_z,32,8,0.23605032275302318,0.6784248283998684,0.851515359145556,ok
bot->ton,48,conformal,32,2,0.23605032275302318,0.6784248283998684,0.5702241005367517,ok
bot->ton,48,conformal_top,32,0,0.23605032275302318,0.6784248283998684,,fallita: una sola classe
bot->ton,48,misto,32,3,0.23605032275302318,0.6784248283998684,0.7442396722669794,ok
bot->ton,48,adattiva,32,7,0.23605032275302318,0.6784248283998684,0.8441249267972825,ok
bot->ton,48,bilanciato,32,16,0.23605032275302318,0.6784248283998684,0.8357608893042225,ok
bot->ton,48,casuale,128,17,0.23605032275302318,0.6784248283998684,0.9339941824348232,ok
bot->ton,48,margine,128,0,0.23605032275302318,0.6784248283998684,,fallita: una sola classe
bot->ton,48,strat_z,128,28,0.23605032275302318,0.6784248283998684,0.9345649883376979,ok
bot->ton,48,conformal,128,7,0.23605032275302318,0.6784248283998684,0.5710475481655487,ok
bot->ton,48,conformal_top,128,0,0.23605032275302318,0.6784248283998684,,fallita: una sola classe
bot->ton,48,misto,128,12,0.23605032275302318,0.6784248283998684,0.9211998734437856,ok
bot->ton,48,adattiva,128,33,0.23605032275302318,0.6784248283998684,0.9314936499141202,ok
bot->ton,48,bilanciato,128,64,0.23605032275302318,0.6784248283998684,0.9393242637563826,ok
bot->ton,48,casuale,512,105,0.23605032275302318,0.6784248283998684,0.9324100392192662,ok
bot->ton,48,margine,512,0,0.23605032275302318,0.6784248283998684,,fallita: una sola classe
bot->ton,48,strat_z,512,127,0.23605032275302318,0.6784248283998684,0.9360990954919657,ok
bot->ton,48,conformal,512,35,0.23605032275302318,0.6784248283998684,0.8452089314805405,ok
bot->ton,48,conformal_top,512,0,0.23605032275302318,0.6784248283998684,,fallita: una sola classe
bot->ton,48,misto,512,59,0.23605032275302318,0.6784248283998684,0.9218837686718039,ok
bot->ton,48,adattiva,512,118,0.23605032275302318,0.6784248283998684,0.9217097471383984,ok
bot->ton,48,bilanciato,512,256,0.23605032275302318,0.6784248283998684,0.9380359831773148,ok
bot->ton,49,casuale,8,2,0.2303149602971778,0.5114423678769024,0.8408559735150076,ok
bot->ton,49,margine,8,0,0.2303149602971778,0.5114423678769024,,fallita: una sola classe
bot->ton,49,strat_z,8,2,0.2303149602971778,0.5114423678769024,0.5357638219908721,ok
bot->ton,49,conformal,8,0,0.2303149602971778,0.5114423678769024,,fallita: una sola classe
bot->ton,49,conformal_top,8,0,0.2303149602971778,0.5114423678769024,,fallita: una sola classe
bot->ton,49,misto,8,1,0.2303149602971778,0.5114423678769024,0.7785350164764293,ok
bot->ton,49,adattiva,8,2,0.2303149602971778,0.5114423678769024,0.782019389719496,ok
bot->ton,49,bilanciato,8,4,0.2303149602971778,0.5114423678769024,0.7666002536842644,ok
bot->ton,49,casuale,32,8,0.2303149602971778,0.5114423678769024,0.8252550587141135,ok
bot->ton,49,margine,32,0,0.2303149602971778,0.5114423678769024,,fallita: una sola classe
bot->ton,49,strat_z,32,10,0.2303149602971778,0.5114423678769024,0.825203445555557,ok
bot->ton,49,conformal,32,2,0.2303149602971778,0.5114423678769024,0.5722508019398117,ok
bot->ton,49,conformal_top,32,0,0.2303149602971778,0.5114423678769024,,fallita: una sola classe
bot->ton,49,misto,32,3,0.2303149602971778,0.5114423678769024,0.7754309338578201,ok
bot->ton,49,adattiva,32,4,0.2303149602971778,0.5114423678769024,0.8279127624126645,ok
bot->ton,49,bilanciato,32,16,0.2303149602971778,0.5114423678769024,0.8296454351814113,ok
bot->ton,49,casuale,128,31,0.2303149602971778,0.5114423678769024,0.9285639536585751,ok
bot->ton,49,margine,128,1,0.2303149602971778,0.5114423678769024,0.5040807133724519,ok
bot->ton,49,strat_z,128,27,0.2303149602971778,0.5114423678769024,0.9364445829093326,ok
bot->ton,49,conformal,128,9,0.2303149602971778,0.5114423678769024,0.7848697618669718,ok
bot->ton,49,conformal_top,128,1,0.2303149602971778,0.5114423678769024,0.5040807133724519,ok
bot->ton,49,misto,128,16,0.2303149602971778,0.5114423678769024,0.8153368977035561,ok
bot->ton,49,adattiva,128,27,0.2303149602971778,0.5114423678769024,0.9101147494222814,ok
bot->ton,49,bilanciato,128,64,0.2303149602971778,0.5114423678769024,0.9307575657718765,ok
bot->ton,49,casuale,512,126,0.2303149602971778,0.5114423678769024,0.9360377092553995,ok
bot->ton,49,margine,512,1,0.2303149602971778,0.5114423678769024,0.5015314589425369,ok
bot->ton,49,strat_z,512,123,0.2303149602971778,0.5114423678769024,0.9339328981370559,ok
bot->ton,49,conformal,512,33,0.2303149602971778,0.5114423678769024,0.780163431880387,ok
bot->ton,49,conformal_top,512,1,0.2303149602971778,0.5114423678769024,0.5015314589425369,ok
bot->ton,49,misto,512,58,0.2303149602971778,0.5114423678769024,0.9136164854319018,ok
bot->ton,49,adattiva,512,117,0.2303149602971778,0.5114423678769024,0.9445705929191174,ok
bot->ton,49,bilanciato,512,256,0.2303149602971778,0.5114423678769024,0.920919574502933,ok
bot->ton,50,casuale,8,0,0.22280018310292427,0.7122934259173016,,fallita: una sola classe
bot->ton,50,margine,8,1,0.22280018310292427,0.7122934259173016,0.657639296567446,ok
bot->ton,50,strat_z,8,2,0.22280018310292427,0.7122934259173016,0.7937474485883067,ok
bot->ton,50,conformal,8,1,0.22280018310292427,0.7122934259173016,0.5590163938205116,ok
bot->ton,50,conformal_top,8,1,0.22280018310292427,0.7122934259173016,0.657639296567446,ok
bot->ton,50,misto,8,1,0.22280018310292427,0.7122934259173016,0.6642027392697684,ok
bot->ton,50,adattiva,8,0,0.22280018310292427,0.7122934259173016,,fallita: una sola classe
bot->ton,50,bilanciato,8,4,0.22280018310292427,0.7122934259173016,0.8522463065557841,ok
bot->ton,50,casuale,32,9,0.22280018310292427,0.7122934259173016,0.871872586053193,ok
bot->ton,50,margine,32,1,0.22280018310292427,0.7122934259173016,0.5100139044119416,ok
bot->ton,50,strat_z,32,6,0.22280018310292427,0.7122934259173016,0.8554228728952036,ok
bot->ton,50,conformal,32,3,0.22280018310292427,0.7122934259173016,0.7562490846224967,ok
bot->ton,50,conformal_top,32,1,0.22280018310292427,0.7122934259173016,0.5100139044119416,ok
bot->ton,50,misto,32,6,0.22280018310292427,0.7122934259173016,0.7593747536556086,ok
bot->ton,50,adattiva,32,1,0.22280018310292427,0.7122934259173016,0.5059718911070146,ok
bot->ton,50,bilanciato,32,16,0.22280018310292427,0.7122934259173016,0.854684051723096,ok
bot->ton,50,casuale,128,32,0.22280018310292427,0.7122934259173016,0.9307506001402828,ok
bot->ton,50,margine,128,4,0.22280018310292427,0.7122934259173016,0.681986523139874,ok
bot->ton,50,strat_z,128,29,0.22280018310292427,0.7122934259173016,0.9240828952713241,ok
bot->ton,50,conformal,128,10,0.22280018310292427,0.7122934259173016,0.8367657530263237,ok
bot->ton,50,conformal_top,128,4,0.22280018310292427,0.7122934259173016,0.681986523139874,ok
bot->ton,50,misto,128,19,0.22280018310292427,0.7122934259173016,0.9186263289898919,ok
bot->ton,50,adattiva,128,21,0.22280018310292427,0.7122934259173016,0.9328341093222865,ok
bot->ton,50,bilanciato,128,64,0.22280018310292427,0.7122934259173016,0.9163927522580471,ok
bot->ton,50,casuale,512,129,0.22280018310292427,0.7122934259173016,0.9339125154525715,ok
bot->ton,50,margine,512,4,0.22280018310292427,0.7122934259173016,0.6302422754258874,ok
bot->ton,50,strat_z,512,126,0.22280018310292427,0.7122934259173016,0.9370939875390757,ok
bot->ton,50,conformal,512,39,0.22280018310292427,0.7122934259173016,0.8329079513184262,ok
bot->ton,50,conformal_top,512,4,0.22280018310292427,0.7122934259173016,0.6302422754258874,ok
bot->ton,50,misto,512,59,0.22280018310292427,0.7122934259173016,0.9096458853360335,ok
bot->ton,50,adattiva,512,124,0.22280018310292427,0.7122934259173016,0.936407124251568,ok
bot->ton,50,bilanciato,512,256,0.22280018310292427,0.7122934259173016,0.9328797760117015,ok
bot->ton,51,casuale,8,0,0.13377572883565936,0.5949413667778172,,fallita: una sola classe
bot->ton,51,margine,8,0,0.13377572883565936,0.5949413667778172,,fallita: una sola classe
bot->ton,51,strat_z,8,1,0.13377572883565936,0.5949413667778172,0.5900209906008895,ok
bot->ton,51,conformal,8,1,0.13377572883565936,0.5949413667778172,0.7253334616234042,ok
bot->ton,51,conformal_top,8,0,0.13377572883565936,0.5949413667778172,,fallita: una sola classe
bot->ton,51,misto,8,1,0.13377572883565936,0.5949413667778172,0.7846548174536356,ok
bot->ton,51,adattiva,8,2,0.13377572883565936,0.5949413667778172,0.7414925738779583,ok
bot->ton,51,bilanciato,8,4,0.13377572883565936,0.5949413667778172,0.8249067254660858,ok
bot->ton,51,casuale,32,4,0.13377572883565936,0.5949413667778172,0.8214284565676162,ok
bot->ton,51,margine,32,1,0.13377572883565936,0.5949413667778172,0.6629938197104439,ok
bot->ton,51,strat_z,32,5,0.13377572883565936,0.5949413667778172,0.873711844466605,ok
bot->ton,51,conformal,32,7,0.13377572883565936,0.5949413667778172,0.827231222201065,ok
bot->ton,51,conformal_top,32,1,0.13377572883565936,0.5949413667778172,0.6629938197104439,ok
bot->ton,51,misto,32,4,0.13377572883565936,0.5949413667778172,0.8689838979311619,ok
bot->ton,51,adattiva,32,9,0.13377572883565936,0.5949413667778172,0.8733028649914159,ok
bot->ton,51,bilanciato,32,16,0.13377572883565936,0.5949413667778172,0.9022116914023739,ok
bot->ton,51,casuale,128,21,0.13377572883565936,0.5949413667778172,0.9424220270490442,ok
bot->ton,51,margine,128,1,0.13377572883565936,0.5949413667778172,0.5030634435925687,ok
bot->ton,51,strat_z,128,28,0.13377572883565936,0.5949413667778172,0.9368564810266398,ok
bot->ton,51,conformal,128,21,0.13377572883565936,0.5949413667778172,0.8432958349068223,ok
bot->ton,51,conformal_top,128,1,0.13377572883565936,0.5949413667778172,0.5030634435925687,ok
bot->ton,51,misto,128,19,0.13377572883565936,0.5949413667778172,0.8703847776196736,ok
bot->ton,51,adattiva,128,35,0.13377572883565936,0.5949413667778172,0.8483455511122464,ok
bot->ton,51,bilanciato,128,64,0.13377572883565936,0.5949413667778172,0.9440712711031449,ok
bot->ton,51,casuale,512,107,0.13377572883565936,0.5949413667778172,0.9506557391425203,ok
bot->ton,51,margine,512,2,0.13377572883565936,0.5949413667778172,0.511934297521029,ok
bot->ton,51,strat_z,512,125,0.13377572883565936,0.5949413667778172,0.948833571080375,ok
bot->ton,51,conformal,512,70,0.13377572883565936,0.5949413667778172,0.8443122713004051,ok
bot->ton,51,conformal_top,512,2,0.13377572883565936,0.5949413667778172,0.511934297521029,ok
bot->ton,51,misto,512,60,0.13377572883565936,0.5949413667778172,0.9200167571236987,ok
bot->ton,51,adattiva,512,130,0.13377572883565936,0.5949413667778172,0.9450467125169593,ok
bot->ton,51,bilanciato,512,256,0.13377572883565936,0.5949413667778172,0.9456673919377261,ok
ton->bot,42,casuale,8,0,0.34229145208475964,0.5531270079198045,,fallita: una sola classe
ton->bot,42,margine,8,4,0.34229145208475964,0.5531270079198045,0.9002434192175579,ok
ton->bot,42,strat_z,8,0,0.34229145208475964,0.5531270079198045,,fallita: una sola classe
ton->bot,42,conformal,8,0,0.34229145208475964,0.5531270079198045,,fallita: una sola classe
ton->bot,42,conformal_top,8,4,0.34229145208475964,0.5531270079198045,0.9002434192175579,ok
ton->bot,42,misto,8,4,0.34229145208475964,0.5531270079198045,0.7222527593380832,ok
ton->bot,42,adattiva,8,4,0.34229145208475964,0.5531270079198045,0.7566889578291197,ok
ton->bot,42,bilanciato,8,4,0.34229145208475964,0.5531270079198045,0.9110531829165468,ok
ton->bot,42,casuale,32,0,0.34229145208475964,0.5531270079198045,,fallita: una sola classe
ton->bot,42,margine,32,16,0.34229145208475964,0.5531270079198045,0.8985648128073824,ok
ton->bot,42,strat_z,32,0,0.34229145208475964,0.5531270079198045,,fallita: una sola classe
ton->bot,42,conformal,32,0,0.34229145208475964,0.5531270079198045,,fallita: una sola classe
ton->bot,42,conformal_top,32,16,0.34229145208475964,0.5531270079198045,0.8985648128073824,ok
ton->bot,42,misto,32,4,0.34229145208475964,0.5531270079198045,0.826716801541818,ok
ton->bot,42,adattiva,32,8,0.34229145208475964,0.5531270079198045,0.9021945287695845,ok
ton->bot,42,bilanciato,32,16,0.34229145208475964,0.5531270079198045,0.928831185202552,ok
ton->bot,42,casuale,128,0,0.34229145208475964,0.5531270079198045,,fallita: una sola classe
ton->bot,42,margine,128,21,0.34229145208475964,0.5531270079198045,0.8594998886653971,ok
ton->bot,42,strat_z,128,0,0.34229145208475964,0.5531270079198045,,fallita: una sola classe
ton->bot,42,conformal,128,0,0.34229145208475964,0.5531270079198045,,fallita: una sola classe
ton->bot,42,conformal_top,128,21,0.34229145208475964,0.5531270079198045,0.8594998886653971,ok
ton->bot,42,misto,128,21,0.34229145208475964,0.5531270079198045,0.9227594434888428,ok
ton->bot,42,adattiva,128,21,0.34229145208475964,0.5531270079198045,0.6772674007920296,ok
ton->bot,42,bilanciato,128,64,0.34229145208475964,0.5531270079198045,0.9399370378761254,ok
ton->bot,42,casuale,512,0,0.34229145208475964,0.5531270079198045,,fallita: una sola classe
ton->bot,42,margine,512,21,0.34229145208475964,0.5531270079198045,0.840434520348468,ok
ton->bot,42,strat_z,512,1,0.34229145208475964,0.5531270079198045,0.7520854348893138,ok
ton->bot,42,conformal,512,0,0.34229145208475964,0.5531270079198045,,fallita: una sola classe
ton->bot,42,conformal_top,512,21,0.34229145208475964,0.5531270079198045,0.840434520348468,ok
ton->bot,42,misto,512,21,0.34229145208475964,0.5531270079198045,0.7628179417183911,ok
ton->bot,42,adattiva,512,21,0.34229145208475964,0.5531270079198045,0.9517292598683942,ok
ton->bot,42,bilanciato,512,256,0.34229145208475964,0.5531270079198045,0.9710788103495135,ok
ton->bot,43,casuale,8,0,0.37868408719042534,0.5698984963894062,,fallita: una sola classe
ton->bot,43,margine,8,8,0.37868408719042534,0.5698984963894062,,fallita: una sola classe
ton->bot,43,strat_z,8,0,0.37868408719042534,0.5698984963894062,,fallita: una sola classe
ton->bot,43,conformal,8,0,0.37868408719042534,0.5698984963894062,,fallita: una sola classe
ton->bot,43,conformal_top,8,8,0.37868408719042534,0.5698984963894062,,fallita: una sola classe
ton->bot,43,misto,8,4,0.37868408719042534,0.5698984963894062,0.6569092774019423,ok
ton->bot,43,adattiva,8,4,0.37868408719042534,0.5698984963894062,0.7426072959535238,ok
ton->bot,43,bilanciato,8,4,0.37868408719042534,0.5698984963894062,0.9293771413061589,ok
ton->bot,43,casuale,32,0,0.37868408719042534,0.5698984963894062,,fallita: una sola classe
ton->bot,43,margine,32,16,0.37868408719042534,0.5698984963894062,0.8945322555739592,ok
ton->bot,43,strat_z,32,0,0.37868408719042534,0.5698984963894062,,fallita: una sola classe
ton->bot,43,conformal,32,0,0.37868408719042534,0.5698984963894062,,fallita: una sola classe
ton->bot,43,conformal_top,32,16,0.37868408719042534,0.5698984963894062,0.8945322555739592,ok
ton->bot,43,misto,32,16,0.37868408719042534,0.5698984963894062,0.8179235078078237,ok
ton->bot,43,adattiva,32,16,0.37868408719042534,0.5698984963894062,0.888728821101767,ok
ton->bot,43,bilanciato,32,16,0.37868408719042534,0.5698984963894062,0.9276489225343149,ok
ton->bot,43,casuale,128,0,0.37868408719042534,0.5698984963894062,,fallita: una sola classe
ton->bot,43,margine,128,19,0.37868408719042534,0.5698984963894062,0.8297733545383466,ok
ton->bot,43,strat_z,128,0,0.37868408719042534,0.5698984963894062,,fallita: una sola classe
ton->bot,43,conformal,128,0,0.37868408719042534,0.5698984963894062,,fallita: una sola classe
ton->bot,43,conformal_top,128,19,0.37868408719042534,0.5698984963894062,0.8297733545383466,ok
ton->bot,43,misto,128,16,0.37868408719042534,0.5698984963894062,0.8927580384598071,ok
ton->bot,43,adattiva,128,17,0.37868408719042534,0.5698984963894062,0.9360183813700502,ok
ton->bot,43,bilanciato,128,64,0.37868408719042534,0.5698984963894062,0.950541194505159,ok
ton->bot,43,casuale,512,0,0.37868408719042534,0.5698984963894062,,fallita: una sola classe
ton->bot,43,margine,512,22,0.37868408719042534,0.5698984963894062,0.8564761360538111,ok
ton->bot,43,strat_z,512,0,0.37868408719042534,0.5698984963894062,,fallita: una sola classe
ton->bot,43,conformal,512,0,0.37868408719042534,0.5698984963894062,,fallita: una sola classe
ton->bot,43,conformal_top,512,22,0.37868408719042534,0.5698984963894062,0.8564761360538111,ok
ton->bot,43,misto,512,22,0.37868408719042534,0.5698984963894062,0.8456129522226691,ok
ton->bot,43,adattiva,512,22,0.37868408719042534,0.5698984963894062,0.8377055208247923,ok
ton->bot,43,bilanciato,512,256,0.37868408719042534,0.5698984963894062,0.9668125261339433,ok
ton->bot,44,casuale,8,0,0.3577472322966089,0.5531291889181292,,fallita: una sola classe
ton->bot,44,margine,8,8,0.3577472322966089,0.5531291889181292,,fallita: una sola classe
ton->bot,44,strat_z,8,0,0.3577472322966089,0.5531291889181292,,fallita: una sola classe
ton->bot,44,conformal,8,0,0.3577472322966089,0.5531291889181292,,fallita: una sola classe
ton->bot,44,conformal_top,8,8,0.3577472322966089,0.5531291889181292,,fallita: una sola classe
ton->bot,44,misto,8,4,0.3577472322966089,0.5531291889181292,0.8933126004278704,ok
ton->bot,44,adattiva,8,4,0.3577472322966089,0.5531291889181292,0.8976573281816997,ok
ton->bot,44,bilanciato,8,4,0.3577472322966089,0.5531291889181292,0.9168335330573392,ok
ton->bot,44,casuale,32,0,0.3577472322966089,0.5531291889181292,,fallita: una sola classe
ton->bot,44,margine,32,16,0.3577472322966089,0.5531291889181292,0.9238302705423899,ok
ton->bot,44,strat_z,32,0,0.3577472322966089,0.5531291889181292,,fallita: una sola classe
ton->bot,44,conformal,32,0,0.3577472322966089,0.5531291889181292,,fallita: una sola classe
ton->bot,44,conformal_top,32,16,0.3577472322966089,0.5531291889181292,0.9238302705423899,ok
ton->bot,44,misto,32,16,0.3577472322966089,0.5531291889181292,0.8898040041504934,ok
ton->bot,44,adattiva,32,16,0.3577472322966089,0.5531291889181292,0.895235595414717,ok
ton->bot,44,bilanciato,32,16,0.3577472322966089,0.5531291889181292,0.9089287870064877,ok
ton->bot,44,casuale,128,0,0.3577472322966089,0.5531291889181292,,fallita: una sola classe
ton->bot,44,margine,128,20,0.3577472322966089,0.5531291889181292,0.6414308669551377,ok
ton->bot,44,strat_z,128,0,0.3577472322966089,0.5531291889181292,,fallita: una sola classe
ton->bot,44,conformal,128,0,0.3577472322966089,0.5531291889181292,,fallita: una sola classe
ton->bot,44,conformal_top,128,20,0.3577472322966089,0.5531291889181292,0.6414308669551377,ok
ton->bot,44,misto,128,16,0.3577472322966089,0.5531291889181292,0.893067653576938,ok
ton->bot,44,adattiva,128,20,0.3577472322966089,0.5531291889181292,0.9161033594896205,ok
ton->bot,44,bilanciato,128,64,0.3577472322966089,0.5531291889181292,0.9304189297644849,ok
ton->bot,44,casuale,512,0,0.3577472322966089,0.5531291889181292,,fallita: una sola classe
ton->bot,44,margine,512,20,0.3577472322966089,0.5531291889181292,0.6446799262595517,ok
ton->bot,44,strat_z,512,0,0.3577472322966089,0.5531291889181292,,fallita: una sola classe
ton->bot,44,conformal,512,0,0.3577472322966089,0.5531291889181292,,fallita: una sola classe
ton->bot,44,conformal_top,512,20,0.3577472322966089,0.5531291889181292,0.6446799262595517,ok
ton->bot,44,misto,512,20,0.3577472322966089,0.5531291889181292,0.7538111896823776,ok
ton->bot,44,adattiva,512,20,0.3577472322966089,0.5531291889181292,0.8286804410561379,ok
ton->bot,44,bilanciato,512,256,0.3577472322966089,0.5531291889181292,0.9621150557187307,ok
ton->bot,45,casuale,8,0,0.3734801355089342,0.5462296978797504,,fallita: una sola classe
ton->bot,45,margine,8,3,0.3734801355089342,0.5462296978797504,0.6698269910367749,ok
ton->bot,45,strat_z,8,0,0.3734801355089342,0.5462296978797504,,fallita: una sola classe
ton->bot,45,conformal,8,0,0.3734801355089342,0.5462296978797504,,fallita: una sola classe
ton->bot,45,conformal_top,8,3,0.3734801355089342,0.5462296978797504,0.6698269910367749,ok
ton->bot,45,misto,8,3,0.3734801355089342,0.5462296978797504,0.6656484703519792,ok
ton->bot,45,adattiva,8,3,0.3734801355089342,0.5462296978797504,0.6672217901631043,ok
ton->bot,45,bilanciato,8,4,0.3734801355089342,0.5462296978797504,0.843615663645721,ok
ton->bot,45,casuale,32,0,0.3734801355089342,0.5462296978797504,,fallita: una sola classe
ton->bot,45,margine,32,3,0.3734801355089342,0.5462296978797504,0.6698251550909127,ok
ton->bot,45,strat_z,32,0,0.3734801355089342,0.5462296978797504,,fallita: una sola classe
ton->bot,45,conformal,32,0,0.3734801355089342,0.5462296978797504,,fallita: una sola classe
ton->bot,45,conformal_top,32,3,0.3734801355089342,0.5462296978797504,0.6698251550909127,ok
ton->bot,45,misto,32,3,0.3734801355089342,0.5462296978797504,0.7774054406896559,ok
ton->bot,45,adattiva,32,3,0.3734801355089342,0.5462296978797504,0.6665816536476602,ok
ton->bot,45,bilanciato,32,16,0.3734801355089342,0.5462296978797504,0.8832791741323334,ok
ton->bot,45,casuale,128,0,0.3734801355089342,0.5462296978797504,,fallita: una sola classe
ton->bot,45,margine,128,3,0.3734801355089342,0.5462296978797504,0.6698178110672044,ok
ton->bot,45,strat_z,128,0,0.3734801355089342,0.5462296978797504,,fallita: una sola classe
ton->bot,45,conformal,128,0,0.3734801355089342,0.5462296978797504,,fallita: una sola classe
ton->bot,45,conformal_top,128,3,0.3734801355089342,0.5462296978797504,0.6698178110672044,ok
ton->bot,45,misto,128,3,0.3734801355089342,0.5462296978797504,0.7774054401473631,ok
ton->bot,45,adattiva,128,3,0.3734801355089342,0.5462296978797504,0.845034981368394,ok
ton->bot,45,bilanciato,128,64,0.3734801355089342,0.5462296978797504,0.9685806539988486,ok
ton->bot,45,casuale,512,0,0.3734801355089342,0.5462296978797504,,fallita: una sola classe
ton->bot,45,margine,512,3,0.3734801355089342,0.5462296978797504,0.6697884311276846,ok
ton->bot,45,strat_z,512,0,0.3734801355089342,0.5462296978797504,,fallita: una sola classe
ton->bot,45,conformal,512,0,0.3734801355089342,0.5462296978797504,,fallita: una sola classe
ton->bot,45,conformal_top,512,3,0.3734801355089342,0.5462296978797504,0.6697884311276846,ok
ton->bot,45,misto,512,3,0.3734801355089342,0.5462296978797504,0.7689694823700901,ok
ton->bot,45,adattiva,512,3,0.3734801355089342,0.5462296978797504,0.8101992520456875,ok
ton->bot,45,bilanciato,512,256,0.3734801355089342,0.5462296978797504,0.9816911520945654,ok
ton->bot,46,casuale,8,0,0.3463434208104492,0.5699006773877309,,fallita: una sola classe
ton->bot,46,margine,8,8,0.3463434208104492,0.5699006773877309,,fallita: una sola classe
ton->bot,46,strat_z,8,0,0.3463434208104492,0.5699006773877309,,fallita: una sola classe
ton->bot,46,conformal,8,0,0.3463434208104492,0.5699006773877309,,fallita: una sola classe
ton->bot,46,conformal_top,8,8,0.3463434208104492,0.5699006773877309,,fallita: una sola classe
ton->bot,46,misto,8,4,0.3463434208104492,0.5699006773877309,0.7736102045214216,ok
ton->bot,46,adattiva,8,4,0.3463434208104492,0.5699006773877309,0.8300056869766246,ok
ton->bot,46,bilanciato,8,4,0.3463434208104492,0.5699006773877309,0.8669850965541778,ok
ton->bot,46,casuale,32,0,0.3463434208104492,0.5699006773877309,,fallita: una sola classe
ton->bot,46,margine,32,16,0.3463434208104492,0.5699006773877309,0.9374332114029507,ok
ton->bot,46,strat_z,32,0,0.3463434208104492,0.5699006773877309,,fallita: una sola classe
ton->bot,46,conformal,32,0,0.3463434208104492,0.5699006773877309,,fallita: una sola classe
ton->bot,46,conformal_top,32,16,0.3463434208104492,0.5699006773877309,0.9374332114029507,ok
ton->bot,46,misto,32,16,0.3463434208104492,0.5699006773877309,0.830160082444793,ok
ton->bot,46,adattiva,32,16,0.3463434208104492,0.5699006773877309,0.8995652661772902,ok
ton->bot,46,bilanciato,32,16,0.3463434208104492,0.5699006773877309,0.9303905283361917,ok
ton->bot,46,casuale,128,0,0.3463434208104492,0.5699006773877309,,fallita: una sola classe
ton->bot,46,margine,128,20,0.3463434208104492,0.5699006773877309,0.8660672439634172,ok
ton->bot,46,strat_z,128,0,0.3463434208104492,0.5699006773877309,,fallita: una sola classe
ton->bot,46,conformal,128,0,0.3463434208104492,0.5699006773877309,,fallita: una sola classe
ton->bot,46,conformal_top,128,20,0.3463434208104492,0.5699006773877309,0.8660672439634172,ok
ton->bot,46,misto,128,16,0.3463434208104492,0.5699006773877309,0.8952419186380308,ok
ton->bot,46,adattiva,128,16,0.3463434208104492,0.5699006773877309,0.9189815358501254,ok
ton->bot,46,bilanciato,128,64,0.3463434208104492,0.5699006773877309,0.9614158131776994,ok
ton->bot,46,casuale,512,0,0.3463434208104492,0.5699006773877309,,fallita: una sola classe
ton->bot,46,margine,512,68,0.3463434208104492,0.5699006773877309,0.8523276251606291,ok
ton->bot,46,strat_z,512,1,0.3463434208104492,0.5699006773877309,0.7625923631977419,ok
ton->bot,46,conformal,512,0,0.3463434208104492,0.5699006773877309,,fallita: una sola classe
ton->bot,46,conformal_top,512,68,0.3463434208104492,0.5699006773877309,0.8523276251606291,ok
ton->bot,46,misto,512,59,0.3463434208104492,0.5699006773877309,0.8173404137317961,ok
ton->bot,46,adattiva,512,68,0.3463434208104492,0.5699006773877309,0.9248316782604105,ok
ton->bot,46,bilanciato,512,256,0.3463434208104492,0.5699006773877309,0.9758710244918052,ok
ton->bot,47,casuale,8,0,0.34408882877241553,0.5509659597857344,,fallita: una sola classe
ton->bot,47,margine,8,8,0.34408882877241553,0.5509659597857344,,fallita: una sola classe
ton->bot,47,strat_z,8,0,0.34408882877241553,0.5509659597857344,,fallita: una sola classe
ton->bot,47,conformal,8,0,0.34408882877241553,0.5509659597857344,,fallita: una sola classe
ton->bot,47,conformal_top,8,8,0.34408882877241553,0.5509659597857344,,fallita: una sola classe
ton->bot,47,misto,8,4,0.34408882877241553,0.5509659597857344,0.7687078544272844,ok
ton->bot,47,adattiva,8,4,0.34408882877241553,0.5509659597857344,0.7729340032363065,ok
ton->bot,47,bilanciato,8,4,0.34408882877241553,0.5509659597857344,0.9267831562466142,ok
ton->bot,47,casuale,32,0,0.34408882877241553,0.5509659597857344,,fallita: una sola classe
ton->bot,47,margine,32,12,0.34408882877241553,0.5509659597857344,0.9150959281726498,ok
ton->bot,47,strat_z,32,0,0.34408882877241553,0.5509659597857344,,fallita: una sola classe
ton->bot,47,conformal,32,0,0.34408882877241553,0.5509659597857344,,fallita: una sola classe
ton->bot,47,conformal_top,32,12,0.34408882877241553,0.5509659597857344,0.9150959281726498,ok
ton->bot,47,misto,32,12,0.34408882877241553,0.5509659597857344,0.8793746041147661,ok
ton->bot,47,adattiva,32,12,0.34408882877241553,0.5509659597857344,0.8982055166806607,ok
ton->bot,47,bilanciato,32,16,0.34408882877241553,0.5509659597857344,0.9273020059750401,ok
ton->bot,47,casuale,128,0,0.34408882877241553,0.5509659597857344,,fallita: una sola classe
ton->bot,47,margine,128,12,0.34408882877241553,0.5509659597857344,0.9150951412777109,ok
ton->bot,47,strat_z,128,0,0.34408882877241553,0.5509659597857344,,fallita: una sola classe
ton->bot,47,conformal,128,0,0.34408882877241553,0.5509659597857344,,fallita: una sola classe
ton->bot,47,conformal_top,128,12,0.34408882877241553,0.5509659597857344,0.9150951412777109,ok
ton->bot,47,misto,128,12,0.34408882877241553,0.5509659597857344,0.8318991479053763,ok
ton->bot,47,adattiva,128,12,0.34408882877241553,0.5509659597857344,0.9132523566366215,ok
ton->bot,47,bilanciato,128,64,0.34408882877241553,0.5509659597857344,0.9422352396090561,ok
ton->bot,47,casuale,512,0,0.34408882877241553,0.5509659597857344,,fallita: una sola classe
ton->bot,47,margine,512,12,0.34408882877241553,0.5509659597857344,0.9150919932860071,ok
ton->bot,47,strat_z,512,0,0.34408882877241553,0.5509659597857344,,fallita: una sola classe
ton->bot,47,conformal,512,0,0.34408882877241553,0.5509659597857344,,fallita: una sola classe
ton->bot,47,conformal_top,512,12,0.34408882877241553,0.5509659597857344,0.9150919932860071,ok
ton->bot,47,misto,512,12,0.34408882877241553,0.5509659597857344,0.7569711152916346,ok
ton->bot,47,adattiva,512,12,0.34408882877241553,0.5509659597857344,0.9229129849056539,ok
ton->bot,47,bilanciato,512,256,0.34408882877241553,0.5509659597857344,0.9689086568433083,ok
ton->bot,48,casuale,8,0,0.3565661313075805,0.5531270079198045,,fallita: una sola classe
ton->bot,48,margine,8,0,0.3565661313075805,0.5531270079198045,,fallita: una sola classe
ton->bot,48,strat_z,8,0,0.3565661313075805,0.5531270079198045,,fallita: una sola classe
ton->bot,48,conformal,8,0,0.3565661313075805,0.5531270079198045,,fallita: una sola classe
ton->bot,48,conformal_top,8,0,0.3565661313075805,0.5531270079198045,,fallita: una sola classe
ton->bot,48,misto,8,0,0.3565661313075805,0.5531270079198045,,fallita: una sola classe
ton->bot,48,adattiva,8,0,0.3565661313075805,0.5531270079198045,,fallita: una sola classe
ton->bot,48,bilanciato,8,4,0.3565661313075805,0.5531270079198045,0.9335895141908139,ok
ton->bot,48,casuale,32,0,0.3565661313075805,0.5531270079198045,,fallita: una sola classe
ton->bot,48,margine,32,5,0.3565661313075805,0.5531270079198045,0.8497632972126239,ok
ton->bot,48,strat_z,32,0,0.3565661313075805,0.5531270079198045,,fallita: una sola classe
ton->bot,48,conformal,32,0,0.3565661313075805,0.5531270079198045,,fallita: una sola classe
ton->bot,48,conformal_top,32,5,0.3565661313075805,0.5531270079198045,0.8497632972126239,ok
ton->bot,48,misto,32,0,0.3565661313075805,0.5531270079198045,,fallita: una sola classe
ton->bot,48,adattiva,32,5,0.3565661313075805,0.5531270079198045,0.9100445425054796,ok
ton->bot,48,bilanciato,32,16,0.3565661313075805,0.5531270079198045,0.9241122145943004,ok
ton->bot,48,casuale,128,0,0.3565661313075805,0.5531270079198045,,fallita: una sola classe
ton->bot,48,margine,128,17,0.3565661313075805,0.5531270079198045,0.8626862590410747,ok
ton->bot,48,strat_z,128,0,0.3565661313075805,0.5531270079198045,,fallita: una sola classe
ton->bot,48,conformal,128,0,0.3565661313075805,0.5531270079198045,,fallita: una sola classe
ton->bot,48,conformal_top,128,17,0.3565661313075805,0.5531270079198045,0.8626862590410747,ok
ton->bot,48,misto,128,17,0.3565661313075805,0.5531270079198045,0.9164555335154791,ok
ton->bot,48,adattiva,128,17,0.3565661313075805,0.5531270079198045,0.9243630142365892,ok
ton->bot,48,bilanciato,128,64,0.3565661313075805,0.5531270079198045,0.9494946637396833,ok
ton->bot,48,casuale,512,0,0.3565661313075805,0.5531270079198045,,fallita: una sola classe
ton->bot,48,margine,512,21,0.3565661313075805,0.5531270079198045,0.8499353939839382,ok
ton->bot,48,strat_z,512,0,0.3565661313075805,0.5531270079198045,,fallita: una sola classe
ton->bot,48,conformal,512,0,0.3565661313075805,0.5531270079198045,,fallita: una sola classe
ton->bot,48,conformal_top,512,21,0.3565661313075805,0.5531270079198045,0.8499353939839382,ok
ton->bot,48,misto,512,21,0.3565661313075805,0.5531270079198045,0.7646246833146761,ok
ton->bot,48,adattiva,512,21,0.3565661313075805,0.5531270079198045,0.9609392361976632,ok
ton->bot,48,bilanciato,512,256,0.3565661313075805,0.5531270079198045,0.9667923504913423,ok
ton->bot,49,casuale,8,0,0.3369975297961728,0.5531270079198045,,fallita: una sola classe
ton->bot,49,margine,8,4,0.3369975297961728,0.5531270079198045,0.6305698771607781,ok
ton->bot,49,strat_z,8,0,0.3369975297961728,0.5531270079198045,,fallita: una sola classe
ton->bot,49,conformal,8,0,0.3369975297961728,0.5531270079198045,,fallita: una sola classe
ton->bot,49,conformal_top,8,4,0.3369975297961728,0.5531270079198045,0.6305698771607781,ok
ton->bot,49,misto,8,4,0.3369975297961728,0.5531270079198045,0.6767287371378314,ok
ton->bot,49,adattiva,8,4,0.3369975297961728,0.5531270079198045,0.7716491981430742,ok
ton->bot,49,bilanciato,8,4,0.3369975297961728,0.5531270079198045,0.932174521396125,ok
ton->bot,49,casuale,32,0,0.3369975297961728,0.5531270079198045,,fallita: una sola classe
ton->bot,49,margine,32,8,0.3369975297961728,0.5531270079198045,0.8857615510241772,ok
ton->bot,49,strat_z,32,0,0.3369975297961728,0.5531270079198045,,fallita: una sola classe
ton->bot,49,conformal,32,0,0.3369975297961728,0.5531270079198045,,fallita: una sola classe
ton->bot,49,conformal_top,32,8,0.3369975297961728,0.5531270079198045,0.8857615510241772,ok
ton->bot,49,misto,32,4,0.3369975297961728,0.5531270079198045,0.7769267040885992,ok
ton->bot,49,adattiva,32,8,0.3369975297961728,0.5531270079198045,0.8519017719779245,ok
ton->bot,49,bilanciato,32,16,0.3369975297961728,0.5531270079198045,0.9320119175354147,ok
ton->bot,49,casuale,128,0,0.3369975297961728,0.5531270079198045,,fallita: una sola classe
ton->bot,49,margine,128,21,0.3369975297961728,0.5531270079198045,0.8458867761668818,ok
ton->bot,49,strat_z,128,0,0.3369975297961728,0.5531270079198045,,fallita: una sola classe
ton->bot,49,conformal,128,0,0.3369975297961728,0.5531270079198045,,fallita: una sola classe
ton->bot,49,conformal_top,128,21,0.3369975297961728,0.5531270079198045,0.8458867761668818,ok
ton->bot,49,misto,128,8,0.3369975297961728,0.5531270079198045,0.7633033247811704,ok
ton->bot,49,adattiva,128,21,0.3369975297961728,0.5531270079198045,0.9309724941255536,ok
ton->bot,49,bilanciato,128,64,0.3369975297961728,0.5531270079198045,0.9467427929073751,ok
ton->bot,49,casuale,512,0,0.3369975297961728,0.5531270079198045,,fallita: una sola classe
ton->bot,49,margine,512,21,0.3369975297961728,0.5531270079198045,0.8611346586422737,ok
ton->bot,49,strat_z,512,0,0.3369975297961728,0.5531270079198045,,fallita: una sola classe
ton->bot,49,conformal,512,0,0.3369975297961728,0.5531270079198045,,fallita: una sola classe
ton->bot,49,conformal_top,512,21,0.3369975297961728,0.5531270079198045,0.8611346586422737,ok
ton->bot,49,misto,512,21,0.3369975297961728,0.5531270079198045,0.7686021854720727,ok
ton->bot,49,adattiva,512,21,0.3369975297961728,0.5531270079198045,0.943846388815055,ok
ton->bot,49,bilanciato,512,256,0.3369975297961728,0.5531270079198045,0.951574239180422,ok
ton->bot,50,casuale,8,0,0.3456737724059282,0.5531270079198045,,fallita: una sola classe
ton->bot,50,margine,8,3,0.3456737724059282,0.5531270079198045,0.6563593494349205,ok
ton->bot,50,strat_z,8,0,0.3456737724059282,0.5531270079198045,,fallita: una sola classe
ton->bot,50,conformal,8,0,0.3456737724059282,0.5531270079198045,,fallita: una sola classe
ton->bot,50,conformal_top,8,3,0.3456737724059282,0.5531270079198045,0.6563593494349205,ok
ton->bot,50,misto,8,3,0.3456737724059282,0.5531270079198045,0.8334123894539477,ok
ton->bot,50,adattiva,8,3,0.3456737724059282,0.5531270079198045,0.9188458855479538,ok
ton->bot,50,bilanciato,8,4,0.3456737724059282,0.5531270079198045,0.8464181570411147,ok
ton->bot,50,casuale,32,0,0.3456737724059282,0.5531270079198045,,fallita: una sola classe
ton->bot,50,margine,32,5,0.3456737724059282,0.5531270079198045,0.6202884504032387,ok
ton->bot,50,strat_z,32,0,0.3456737724059282,0.5531270079198045,,fallita: una sola classe
ton->bot,50,conformal,32,0,0.3456737724059282,0.5531270079198045,,fallita: una sola classe
ton->bot,50,conformal_top,32,5,0.3456737724059282,0.5531270079198045,0.6202884504032387,ok
ton->bot,50,misto,32,3,0.3456737724059282,0.5531270079198045,0.858971119571611,ok
ton->bot,50,adattiva,32,5,0.3456737724059282,0.5531270079198045,0.9238000303789426,ok
ton->bot,50,bilanciato,32,16,0.3456737724059282,0.5531270079198045,0.920862161340127,ok
ton->bot,50,casuale,128,0,0.3456737724059282,0.5531270079198045,,fallita: una sola classe
ton->bot,50,margine,128,21,0.3456737724059282,0.5531270079198045,0.6580096784480458,ok
ton->bot,50,strat_z,128,0,0.3456737724059282,0.5531270079198045,,fallita: una sola classe
ton->bot,50,conformal,128,0,0.3456737724059282,0.5531270079198045,,fallita: una sola classe
ton->bot,50,conformal_top,128,21,0.3456737724059282,0.5531270079198045,0.6580096784480458,ok
ton->bot,50,misto,128,5,0.3456737724059282,0.5531270079198045,0.8432940922380112,ok
ton->bot,50,adattiva,128,21,0.3456737724059282,0.5531270079198045,0.9193924434554668,ok
ton->bot,50,bilanciato,128,64,0.3456737724059282,0.5531270079198045,0.9529396011292284,ok
ton->bot,50,casuale,512,0,0.3456737724059282,0.5531270079198045,,fallita: una sola classe
ton->bot,50,margine,512,21,0.3456737724059282,0.5531270079198045,0.6675388437577054,ok
ton->bot,50,strat_z,512,0,0.3456737724059282,0.5531270079198045,,fallita: una sola classe
ton->bot,50,conformal,512,0,0.3456737724059282,0.5531270079198045,,fallita: una sola classe
ton->bot,50,conformal_top,512,21,0.3456737724059282,0.5531270079198045,0.6675388437577054,ok
ton->bot,50,misto,512,21,0.3456737724059282,0.5531270079198045,0.7554596889227447,ok
ton->bot,50,adattiva,512,21,0.3456737724059282,0.5531270079198045,0.9211979277569852,ok
ton->bot,50,bilanciato,512,256,0.3456737724059282,0.5531270079198045,0.9666395336308304,ok
ton->bot,51,casuale,8,0,0.34751920923473156,0.5698984963894062,,fallita: una sola classe
ton->bot,51,margine,8,8,0.34751920923473156,0.5698984963894062,,fallita: una sola classe
ton->bot,51,strat_z,8,0,0.34751920923473156,0.5698984963894062,,fallita: una sola classe
ton->bot,51,conformal,8,0,0.34751920923473156,0.5698984963894062,,fallita: una sola classe
ton->bot,51,conformal_top,8,8,0.34751920923473156,0.5698984963894062,,fallita: una sola classe
ton->bot,51,misto,8,4,0.34751920923473156,0.5698984963894062,0.8173197433596415,ok
ton->bot,51,adattiva,8,4,0.34751920923473156,0.5698984963894062,0.8975413391752274,ok
ton->bot,51,bilanciato,8,4,0.34751920923473156,0.5698984963894062,0.9364881577860729,ok
ton->bot,51,casuale,32,0,0.34751920923473156,0.5698984963894062,,fallita: una sola classe
ton->bot,51,margine,32,17,0.34751920923473156,0.5698984963894062,0.8781487551249225,ok
ton->bot,51,strat_z,32,0,0.34751920923473156,0.5698984963894062,,fallita: una sola classe
ton->bot,51,conformal,32,0,0.34751920923473156,0.5698984963894062,,fallita: una sola classe
ton->bot,51,conformal_top,32,17,0.34751920923473156,0.5698984963894062,0.8781487551249225,ok
ton->bot,51,misto,32,16,0.34751920923473156,0.5698984963894062,0.6265506743223535,ok
ton->bot,51,adattiva,32,17,0.34751920923473156,0.5698984963894062,0.9168144012619497,ok
ton->bot,51,bilanciato,32,16,0.34751920923473156,0.5698984963894062,0.919072386863026,ok
ton->bot,51,casuale,128,0,0.34751920923473156,0.5698984963894062,,fallita: una sola classe
ton->bot,51,margine,128,20,0.34751920923473156,0.5698984963894062,0.8367628157524347,ok
ton->bot,51,strat_z,128,0,0.34751920923473156,0.5698984963894062,,fallita: una sola classe
ton->bot,51,conformal,128,0,0.34751920923473156,0.5698984963894062,,fallita: una sola classe
ton->bot,51,conformal_top,128,20,0.34751920923473156,0.5698984963894062,0.8367628157524347,ok
ton->bot,51,misto,128,17,0.34751920923473156,0.5698984963894062,0.9070067432345104,ok
ton->bot,51,adattiva,128,18,0.34751920923473156,0.5698984963894062,0.9293627192825483,ok
ton->bot,51,bilanciato,128,64,0.34751920923473156,0.5698984963894062,0.957757952111614,ok
ton->bot,51,casuale,512,0,0.34751920923473156,0.5698984963894062,,fallita: una sola classe
ton->bot,51,margine,512,73,0.34751920923473156,0.5698984963894062,0.8612426965132347,ok
ton->bot,51,strat_z,512,0,0.34751920923473156,0.5698984963894062,,fallita: una sola classe
ton->bot,51,conformal,512,0,0.34751920923473156,0.5698984963894062,,fallita: una sola classe
ton->bot,51,conformal_top,512,73,0.34751920923473156,0.5698984963894062,0.8612426965132347,ok
ton->bot,51,misto,512,70,0.34751920923473156,0.5698984963894062,0.8075105204600954,ok
ton->bot,51,adattiva,512,73,0.34751920923473156,0.5698984963894062,0.904508467694817,ok
ton->bot,51,bilanciato,512,256,0.34751920923473156,0.5698984963894062,0.9662805505464314,ok
