exp,seed,politica,batch,frazione_target,bal_acc,adattamenti,etichette,ratio
bot->ton,42,statico,0,0.0,0.97715,0,0,20.0
bot->ton,42,ogni_batch_int,0,0.0,0.97715,0,0,20.0
bot->ton,42,martingala_int,0,0.0,0.97715,0,0,20.0
bot->ton,42,statico,1,0.053,0.9288279520955549,0,0,20.0
bot->ton,42,ogni_batch_int,1,0.053,0.9288279520955549,1,32,20.0
bot->ton,42,martingala_int,1,0.053,0.9288279520955549,0,0,20.0
bot->ton,42,statico,2,0.105,0.906584469652278,0,0,20.0
bot->ton,42,ogni_batch_int,2,0.105,0.6350292004904421,2,64,20.0
bot->ton,42,martingala_int,2,0.105,0.906584469652278,0,0,20.0
bot->ton,42,statico,3,0.158,0.8856867200381514,0,0,20.0
bot->ton,42,ogni_batch_int,3,0.158,0.862793411286283,3,96,20.0
bot->ton,42,martingala_int,3,0.158,0.8856867200381514,1,32,20.0
bot->ton,42,statico,4,0.211,0.879736257443718,0,0,20.0
bot->ton,42,ogni_batch_int,4,0.211,0.7881653584256312,4,128,20.0
bot->ton,42,martingala_int,4,0.211,0.7825296268339321,2,64,20.0
bot->ton,42,statico,5,0.263,0.8615126809906227,0,0,20.0
bot->ton,42,ogni_batch_int,5,0.263,0.8972280850009029,5,160,20.0
bot->ton,42,martingala_int,5,0.263,0.8945689914286732,3,96,20.0
bot->ton,42,statico,6,0.316,0.848956631054886,0,0,20.0
bot->ton,42,ogni_batch_int,6,0.316,0.7984600351031202,6,192,20.0
bot->ton,42,martingala_int,6,0.316,0.8844877890971683,4,128,20.0
bot->ton,42,statico,7,0.368,0.8493821600438785,0,0,20.0
bot->ton,42,ogni_batch_int,7,0.368,0.7959741196695163,7,224,20.0
bot->ton,42,martingala_int,7,0.368,0.8843953923767034,5,160,20.0
bot->ton,42,statico,8,0.421,0.8150786825418141,0,0,20.0
bot->ton,42,ogni_batch_int,8,0.421,0.8018220506196343,8,256,20.0
bot->ton,42,martingala_int,8,0.421,0.8887587120235112,6,192,20.0
bot->ton,42,statico,9,0.474,0.810498434317332,0,0,20.0
bot->ton,42,ogni_batch_int,9,0.474,0.7864241631958167,9,288,20.0
bot->ton,42,martingala_int,9,0.474,0.8764412894334155,7,224,20.0
bot->ton,42,statico,10,0.526,0.7891650398339219,0,0,20.0
bot->ton,42,ogni_batch_int,10,0.526,0.8088698160841875,10,320,20.0
bot->ton,42,martingala_int,10,0.526,0.8881433271635741,8,256,20.0
bot->ton,42,statico,11,0.579,0.7748021104396697,0,0,20.0
bot->ton,42,ogni_batch_int,11,0.579,0.7991939575314115,11,352,20.0
bot->ton,42,martingala_int,11,0.579,0.8804097872017645,9,288,20.0
bot->ton,42,statico,12,0.632,0.7587302375623427,0,0,20.0
bot->ton,42,ogni_batch_int,12,0.632,0.8006055481707586,12,384,20.0
bot->ton,42,martingala_int,12,0.632,0.8707711710414123,10,320,20.0
bot->ton,42,statico,13,0.684,0.7489624779078421,0,0,20.0
bot->ton,42,ogni_batch_int,13,0.684,0.7889779150159377,13,416,20.0
bot->ton,42,martingala_int,13,0.684,0.8681221714991627,11,352,20.0
bot->ton,42,statico,14,0.737,0.7314957530402901,0,0,20.0
bot->ton,42,ogni_batch_int,14,0.737,0.885150347677772,14,448,20.0
bot->ton,42,martingala_int,14,0.737,0.8729620533043088,12,384,20.0
bot->ton,42,statico,15,0.789,0.7101472739968333,0,0,20.0
bot->ton,42,ogni_batch_int,15,0.789,0.8781562991703589,15,480,20.0
bot->ton,42,martingala_int,15,0.789,0.8663437146879649,13,416,20.0
bot->ton,42,statico,16,0.842,0.695682619900784,0,0,20.0
bot->ton,42,ogni_batch_int,16,0.842,0.7850243402439017,16,512,20.0
bot->ton,42,martingala_int,16,0.842,0.86120570683703,14,448,20.0
bot->ton,42,statico,17,0.895,0.6782827845971173,0,0,20.0
bot->ton,42,ogni_batch_int,17,0.895,0.8675855269489038,17,544,20.0
bot->ton,42,martingala_int,17,0.895,0.8543717476768251,15,480,20.0
bot->ton,42,statico,18,0.947,0.6563245542402814,0,0,20.0
bot->ton,42,ogni_batch_int,18,0.947,0.8536508685564523,18,576,20.0
bot->ton,42,martingala_int,18,0.947,0.8480472679283663,16,512,20.0
bot->ton,42,statico,19,1.0,0.6401525017732923,0,0,20.0
bot->ton,42,ogni_batch_int,19,1.0,0.8452585977632825,19,608,20.0
bot->ton,42,martingala_int,19,1.0,0.8418192267782512,17,544,20.0
bot->unsw,42,statico,0,0.0,0.97715,0,0,20.0
bot->unsw,42,ogni_batch_int,0,0.0,0.97715,0,0,20.0
bot->unsw,42,martingala_int,0,0.0,0.97715,0,0,20.0
bot->unsw,42,statico,1,0.053,0.879581838480817,0,0,20.0
bot->unsw,42,ogni_batch_int,1,0.053,0.879581838480817,1,32,20.0
bot->unsw,42,martingala_int,1,0.053,0.879581838480817,0,0,20.0
bot->unsw,42,statico,2,0.105,0.8622748178517307,0,0,20.0
bot->unsw,42,ogni_batch_int,2,0.105,0.6775095395864352,2,64,20.0
bot->unsw,42,martingala_int,2,0.105,0.8622748178517307,0,0,20.0
bot->unsw,42,statico,3,0.158,0.833414779924351,0,0,20.0
bot->unsw,42,ogni_batch_int,3,0.158,0.7765028105987873,3,96,20.0
bot->unsw,42,martingala_int,3,0.158,0.6453632206830645,1,32,20.0
bot->unsw,42,statico,4,0.211,0.8201866423974198,0,0,20.0
bot->unsw,42,ogni_batch_int,4,0.211,0.8249093217379024,4,128,20.0
bot->unsw,42,martingala_int,4,0.211,0.8376874806995158,2,64,20.0
bot->unsw,42,statico,5,0.263,0.8069254830958609,0,0,20.0
bot->unsw,42,ogni_batch_int,5,0.263,0.8065903861139765,5,160,20.0
bot->unsw,42,martingala_int,5,0.263,0.8234292659533634,3,96,20.0
bot->unsw,42,statico,6,0.316,0.7842930249178812,0,0,20.0
bot->unsw,42,ogni_batch_int,6,0.316,0.7858507525993286,6,192,20.0
bot->unsw,42,martingala_int,6,0.316,0.821529789840997,4,128,20.0
bot->unsw,42,statico,7,0.368,0.7719280893695475,0,0,20.0
bot->unsw,42,ogni_batch_int,7,0.368,0.7928370276154009,7,224,20.0
bot->unsw,42,martingala_int,7,0.368,0.8149158765702902,5,160,20.0
bot->unsw,42,statico,8,0.421,0.7540360455415727,0,0,20.0
bot->unsw,42,ogni_batch_int,8,0.421,0.7782199789979546,8,256,20.0
bot->unsw,42,martingala_int,8,0.421,0.7970837188326925,6,192,20.0
bot->unsw,42,statico,9,0.474,0.7277056632741662,0,0,20.0
bot->unsw,42,ogni_batch_int,9,0.474,0.7542972535065224,9,288,20.0
bot->unsw,42,martingala_int,9,0.474,0.792701665299615,7,224,20.0
bot->unsw,42,statico,10,0.526,0.7075770059957497,0,0,20.0
bot->unsw,42,ogni_batch_int,10,0.526,0.7372804711824542,10,320,20.0
bot->unsw,42,martingala_int,10,0.526,0.7964782215400693,8,256,20.0
bot->unsw,42,statico,11,0.579,0.6846078694676242,0,0,20.0
bot->unsw,42,ogni_batch_int,11,0.579,0.716780162831931,11,352,20.0
bot->unsw,42,martingala_int,11,0.579,0.7789744073106133,9,288,20.0
bot->unsw,42,statico,12,0.632,0.658725811781437,0,0,20.0
bot->unsw,42,ogni_batch_int,12,0.632,0.7349835719352633,12,384,20.0
bot->unsw,42,martingala_int,12,0.632,0.7573845223859841,10,320,20.0
bot->unsw,42,statico,13,0.684,0.6303812162172746,0,0,20.0
bot->unsw,42,ogni_batch_int,13,0.684,0.7215670400505428,13,416,20.0
bot->unsw,42,martingala_int,13,0.684,0.7319000606051709,11,352,20.0
bot->unsw,42,statico,14,0.737,0.6172250829480488,0,0,20.0
bot->unsw,42,ogni_batch_int,14,0.737,0.8118290876084113,14,448,20.0
bot->unsw,42,martingala_int,14,0.737,0.821533301147602,12,384,20.0
bot->unsw,42,statico,15,0.789,0.5868293124029571,0,0,20.0
bot->unsw,42,ogni_batch_int,15,0.789,0.7900932489844081,15,480,20.0
bot->unsw,42,martingala_int,15,0.789,0.8192307092616409,13,416,20.0
bot->unsw,42,statico,16,0.842,0.5558903437960145,0,0,20.0
bot->unsw,42,ogni_batch_int,16,0.842,0.775976859461412,16,512,20.0
bot->unsw,42,martingala_int,16,0.842,0.8063135267282693,14,448,20.0
bot->unsw,42,statico,17,0.895,0.5249028032542148,0,0,20.0
bot->unsw,42,ogni_batch_int,17,0.895,0.752913832987884,17,544,20.0
bot->unsw,42,martingala_int,17,0.895,0.7713766160522523,15,480,20.0
bot->unsw,42,statico,18,0.947,0.4929789336939438,0,0,20.0
bot->unsw,42,ogni_batch_int,18,0.947,0.7697875000263602,18,576,20.0
bot->unsw,42,martingala_int,18,0.947,0.7724333794834937,16,512,20.0
bot->unsw,42,statico,19,1.0,0.4622981517711044,0,0,20.0
bot->unsw,42,ogni_batch_int,19,1.0,0.7303409241420415,19,608,20.0
bot->unsw,42,martingala_int,19,1.0,0.7413920456897194,17,544,20.0
bot->ton,43,statico,0,0.0,0.98215,0,0,20.0
bot->ton,43,ogni_batch_int,0,0.0,0.98215,0,0,20.0
bot->ton,43,martingala_int,0,0.0,0.98215,0,0,20.0
bot->ton,43,statico,1,0.053,0.9221672791890162,0,0,20.0
bot->ton,43,ogni_batch_int,1,0.053,0.9221672791890162,1,32,20.0
bot->ton,43,martingala_int,1,0.053,0.9221672791890162,0,0,20.0
bot->ton,43,statico,2,0.105,0.9028168578332715,0,0,20.0
bot->ton,43,ogni_batch_int,2,0.105,0.8109779132553034,2,64,20.0
bot->ton,43,martingala_int,2,0.105,0.9028168578332715,0,0,20.0
bot->ton,43,statico,3,0.158,0.8863009008893004,0,0,20.0
bot->ton,43,ogni_batch_int,3,0.158,0.8099361654301822,3,96,20.0
bot->ton,43,martingala_int,3,0.158,0.8164670040161137,1,32,20.0
bot->ton,43,statico,4,0.211,0.864551341113841,0,0,20.0
bot->ton,43,ogni_batch_int,4,0.211,0.8405899685196561,4,128,20.0
bot->ton,43,martingala_int,4,0.211,0.8645937308046683,2,64,20.0
bot->ton,43,statico,5,0.263,0.8626981997633698,0,0,20.0
bot->ton,43,ogni_batch_int,5,0.263,0.7855442274112747,5,160,20.0
bot->ton,43,martingala_int,5,0.263,0.8765579985837376,3,96,20.0
bot->ton,43,statico,6,0.316,0.8487885757623672,0,0,20.0
bot->ton,43,ogni_batch_int,6,0.316,0.8827520345162005,6,192,20.0
bot->ton,43,martingala_int,6,0.316,0.8644534845068639,4,128,20.0
bot->ton,43,statico,7,0.368,0.8335192070985731,0,0,20.0
bot->ton,43,ogni_batch_int,7,0.368,0.8897530938271088,7,224,20.0
bot->ton,43,martingala_int,7,0.368,0.8774441814175444,5,160,20.0
bot->ton,43,statico,8,0.421,0.8186233137403812,0,0,20.0
bot->ton,43,ogni_batch_int,8,0.421,0.8745081352361004,8,256,20.0
bot->ton,43,martingala_int,8,0.421,0.859806320374138,6,192,20.0
bot->ton,43,statico,9,0.474,0.8064831276913411,0,0,20.0
bot->ton,43,ogni_batch_int,9,0.474,0.8770908207620836,9,288,20.0
bot->ton,43,martingala_int,9,0.474,0.8751023122960431,7,224,20.0
bot->ton,43,statico,10,0.526,0.7881111947575447,0,0,20.0
bot->ton,43,ogni_batch_int,10,0.526,0.8821410495580033,10,320,20.0
bot->ton,43,martingala_int,10,0.526,0.8825793992222811,8,256,20.0
bot->ton,43,statico,11,0.579,0.7746223396486942,0,0,20.0
bot->ton,43,ogni_batch_int,11,0.579,0.8417405966621968,11,352,20.0
bot->ton,43,martingala_int,11,0.579,0.8754877255407002,9,288,20.0
bot->ton,43,statico,12,0.632,0.7601633518797069,0,0,20.0
bot->ton,43,ogni_batch_int,12,0.632,0.9076430217173674,12,384,20.0
bot->ton,43,martingala_int,12,0.632,0.8698712402090742,10,320,20.0
bot->ton,43,statico,13,0.684,0.7441046358171487,0,0,20.0
bot->ton,43,ogni_batch_int,13,0.684,0.8526177162162101,13,416,20.0
bot->ton,43,martingala_int,13,0.684,0.8605084560597882,11,352,20.0
bot->ton,43,statico,14,0.737,0.7297542459531501,0,0,20.0
bot->ton,43,ogni_batch_int,14,0.737,0.8456941665990778,14,448,20.0
bot->ton,43,martingala_int,14,0.737,0.8620764313861875,12,384,20.0
bot->ton,43,statico,15,0.789,0.7141388965593172,0,0,20.0
bot->ton,43,ogni_batch_int,15,0.789,0.8497793720938162,15,480,20.0
bot->ton,43,martingala_int,15,0.789,0.7721915614338641,13,416,20.0
bot->ton,43,statico,16,0.842,0.7020966881537319,0,0,20.0
bot->ton,43,ogni_batch_int,16,0.842,0.8978134943106526,16,512,20.0
bot->ton,43,martingala_int,16,0.842,0.7663258883697727,14,448,20.0
bot->ton,43,statico,17,0.895,0.6817739173860312,0,0,20.0
bot->ton,43,ogni_batch_int,17,0.895,0.8891691041830159,17,544,20.0
bot->ton,43,martingala_int,17,0.895,0.8180432688877791,15,480,20.0
bot->ton,43,statico,18,0.947,0.6584202149092708,0,0,20.0
bot->ton,43,ogni_batch_int,18,0.947,0.8938098770827676,18,576,20.0
bot->ton,43,martingala_int,18,0.947,0.8382255177820794,16,512,20.0
bot->ton,43,statico,19,1.0,0.6383358472850045,0,0,20.0
bot->ton,43,ogni_batch_int,19,1.0,0.9050171016310378,19,608,20.0
bot->ton,43,martingala_int,19,1.0,0.8397583070989835,17,544,20.0
bot->ton,44,statico,0,0.0,0.98075,0,0,20.0
bot->ton,44,ogni_batch_int,0,0.0,0.98075,0,0,20.0
bot->ton,44,martingala_int,0,0.0,0.98075,0,0,20.0
bot->ton,44,statico,1,0.053,0.9030221986929059,0,0,20.0
bot->ton,44,ogni_batch_int,1,0.053,0.9030221986929059,1,32,20.0
bot->ton,44,martingala_int,1,0.053,0.9030221986929059,0,0,20.0
bot->ton,44,statico,2,0.105,0.8973629461709496,0,0,20.0
bot->ton,44,ogni_batch_int,2,0.105,0.429063351407322,2,64,20.0
bot->ton,44,martingala_int,2,0.105,0.8973629461709496,0,0,20.0
bot->ton,44,statico,3,0.158,0.8933354191782439,0,0,20.0
bot->ton,44,ogni_batch_int,3,0.158,0.5957248255367569,3,96,20.0
bot->ton,44,martingala_int,3,0.158,0.6439524004064752,1,32,20.0
bot->ton,44,statico,4,0.211,0.8787640408444637,0,0,20.0
bot->ton,44,ogni_batch_int,4,0.211,0.7844360331482023,4,128,20.0
bot->ton,44,martingala_int,4,0.211,0.8467793881352716,2,64,20.0
bot->ton,44,statico,5,0.263,0.8689388635959294,0,0,20.0
bot->ton,44,ogni_batch_int,5,0.263,0.8056760559251985,5,160,20.0
bot->ton,44,martingala_int,5,0.263,0.8046612511937375,3,96,20.0
bot->ton,44,statico,6,0.316,0.8520571091504798,0,0,20.0
bot->ton,44,ogni_batch_int,6,0.316,0.8595049500018259,6,192,20.0
bot->ton,44,martingala_int,6,0.316,0.8972269711280028,4,128,20.0
bot->ton,44,statico,7,0.368,0.8338793876801107,0,0,20.0
bot->ton,44,ogni_batch_int,7,0.368,0.8877674845164854,7,224,20.0
bot->ton,44,martingala_int,7,0.368,0.8992239767126297,5,160,20.0
bot->ton,44,statico,8,0.421,0.8275802945878756,0,0,20.0
bot->ton,44,ogni_batch_int,8,0.421,0.9301560551229217,8,256,20.0
bot->ton,44,martingala_int,8,0.421,0.8821518754237596,6,192,20.0
bot->ton,44,statico,9,0.474,0.8052461314363819,0,0,20.0
bot->ton,44,ogni_batch_int,9,0.474,0.9331102652871865,9,288,20.0
bot->ton,44,martingala_int,9,0.474,0.8716627091418823,7,224,20.0
bot->ton,44,statico,10,0.526,0.7887732458274175,0,0,20.0
bot->ton,44,ogni_batch_int,10,0.526,0.9397744100723737,10,320,20.0
bot->ton,44,martingala_int,10,0.526,0.877997765282186,8,256,20.0
bot->ton,44,statico,11,0.579,0.7770230447279555,0,0,20.0
bot->ton,44,ogni_batch_int,11,0.579,0.9296714188593069,11,352,20.0
bot->ton,44,martingala_int,11,0.579,0.9306065367679273,9,288,20.0
bot->ton,44,statico,12,0.632,0.7592067424473035,0,0,20.0
bot->ton,44,ogni_batch_int,12,0.632,0.859636763626392,12,384,20.0
bot->ton,44,martingala_int,12,0.632,0.850223661156225,10,320,20.0
bot->ton,44,statico,13,0.684,0.742482047179059,0,0,20.0
bot->ton,44,ogni_batch_int,13,0.684,0.9162853559747148,13,416,20.0
bot->ton,44,martingala_int,13,0.684,0.8551292531751362,11,352,20.0
bot->ton,44,statico,14,0.737,0.7219022727776443,0,0,20.0
bot->ton,44,ogni_batch_int,14,0.737,0.8541102990191816,14,448,20.0
bot->ton,44,martingala_int,14,0.737,0.9224607919856926,12,384,20.0
bot->ton,44,statico,15,0.789,0.705104308785108,0,0,20.0
bot->ton,44,ogni_batch_int,15,0.789,0.8861287549935941,15,480,20.0
bot->ton,44,martingala_int,15,0.789,0.9176940500184836,13,416,20.0
bot->ton,44,statico,16,0.842,0.6928159561333254,0,0,20.0
bot->ton,44,ogni_batch_int,16,0.842,0.8583672883821698,16,512,20.0
bot->ton,44,martingala_int,16,0.842,0.932574191107986,14,448,20.0
bot->ton,44,statico,17,0.895,0.678287652166436,0,0,20.0
bot->ton,44,ogni_batch_int,17,0.895,0.8572983860017507,17,544,20.0
bot->ton,44,martingala_int,17,0.895,0.9168379909884701,15,480,20.0
bot->ton,44,statico,18,0.947,0.6474700919460827,0,0,20.0
bot->ton,44,ogni_batch_int,18,0.947,0.8737061371698089,18,576,20.0
bot->ton,44,martingala_int,18,0.947,0.9041132098600899,16,512,20.0
bot->ton,44,statico,19,1.0,0.6288348362718343,0,0,20.0
bot->ton,44,ogni_batch_int,19,1.0,0.8415908032981114,19,608,20.0
bot->ton,44,martingala_int,19,1.0,0.9179550617119889,17,544,20.0
bot->ton,45,statico,0,0.0,0.98245,0,0,20.0
bot->ton,45,ogni_batch_int,0,0.0,0.98245,0,0,20.0
bot->ton,45,martingala_int,0,0.0,0.98245,0,0,20.0
bot->ton,45,statico,1,0.053,0.9192361530793031,0,0,20.0
bot->ton,45,ogni_batch_int,1,0.053,0.9192361530793031,1,32,20.0
bot->ton,45,martingala_int,1,0.053,0.9192361530793031,0,0,20.0
bot->ton,45,statico,2,0.105,0.9083740413777747,0,0,20.0
bot->ton,45,ogni_batch_int,2,0.105,0.6494521474705801,2,64,20.0
bot->ton,45,martingala_int,2,0.105,0.9083740413777747,0,0,20.0
bot->ton,45,statico,3,0.158,0.8975054645127712,0,0,20.0
bot->ton,45,ogni_batch_int,3,0.158,0.6402800360870966,3,96,20.0
bot->ton,45,martingala_int,3,0.158,0.8975054645127712,0,0,20.0
bot->ton,45,statico,4,0.211,0.88059223996724,0,0,20.0
bot->ton,45,ogni_batch_int,4,0.211,0.7352691825348076,4,128,20.0
bot->ton,45,martingala_int,4,0.211,0.7836718110155609,1,32,20.0
bot->ton,45,statico,5,0.263,0.8589664007153175,0,0,20.0
bot->ton,45,ogni_batch_int,5,0.263,0.8656862576518329,5,160,20.0
bot->ton,45,martingala_int,5,0.263,0.7818728935965336,2,64,20.0
bot->ton,45,statico,6,0.316,0.8446566987717432,0,0,20.0
bot->ton,45,ogni_batch_int,6,0.316,0.8978079181526712,6,192,20.0
bot->ton,45,martingala_int,6,0.316,0.8971036709972569,3,96,20.0
bot->ton,45,statico,7,0.368,0.8469085599078094,0,0,20.0
bot->ton,45,ogni_batch_int,7,0.368,0.8904048666397781,7,224,20.0
bot->ton,45,martingala_int,7,0.368,0.8825716459287023,4,128,20.0
bot->ton,45,statico,8,0.421,0.822501491230082,0,0,20.0
bot->ton,45,ogni_batch_int,8,0.421,0.8838272922519688,8,256,20.0
bot->ton,45,martingala_int,8,0.421,0.8750173824995775,5,160,20.0
bot->ton,45,statico,9,0.474,0.8059723841234472,0,0,20.0
bot->ton,45,ogni_batch_int,9,0.474,0.8872857728615008,9,288,20.0
bot->ton,45,martingala_int,9,0.474,0.8878166350940111,6,192,20.0
bot->ton,45,statico,10,0.526,0.7913151729485364,0,0,20.0
bot->ton,45,ogni_batch_int,10,0.526,0.8857504235419713,10,320,20.0
bot->ton,45,martingala_int,10,0.526,0.8809967562665467,7,224,20.0
bot->ton,45,statico,11,0.579,0.7769834199770506,0,0,20.0
bot->ton,45,ogni_batch_int,11,0.579,0.8885839213864692,11,352,20.0
bot->ton,45,martingala_int,11,0.579,0.8793998994635936,8,256,20.0
bot->ton,45,statico,12,0.632,0.7526869656036228,0,0,20.0
bot->ton,45,ogni_batch_int,12,0.632,0.8772936025499178,12,384,20.0
bot->ton,45,martingala_int,12,0.632,0.8619269098271136,9,288,20.0
bot->ton,45,statico,13,0.684,0.7479707747534459,0,0,20.0
bot->ton,45,ogni_batch_int,13,0.684,0.8605736378812171,13,416,20.0
bot->ton,45,martingala_int,13,0.684,0.9191278017136018,10,320,20.0
bot->ton,45,statico,14,0.737,0.7222589933429219,0,0,20.0
bot->ton,45,ogni_batch_int,14,0.737,0.8651473261199278,14,448,20.0
bot->ton,45,martingala_int,14,0.737,0.929542893187648,11,352,20.0
bot->ton,45,statico,15,0.789,0.7168909484864683,0,0,20.0
bot->ton,45,ogni_batch_int,15,0.789,0.8684737012985873,15,480,20.0
bot->ton,45,martingala_int,15,0.789,0.8987140863230717,12,384,20.0
bot->ton,45,statico,16,0.842,0.6937049487817761,0,0,20.0
bot->ton,45,ogni_batch_int,16,0.842,0.8486513091875278,16,512,20.0
bot->ton,45,martingala_int,16,0.842,0.8598789789106129,13,416,20.0
bot->ton,45,statico,17,0.895,0.6723393759729221,0,0,20.0
bot->ton,45,ogni_batch_int,17,0.895,0.846786906965086,17,544,20.0
bot->ton,45,martingala_int,17,0.895,0.8579518363493135,14,448,20.0
bot->ton,45,statico,18,0.947,0.6594968311751668,0,0,20.0
bot->ton,45,ogni_batch_int,18,0.947,0.8528307412171294,18,576,20.0
bot->ton,45,martingala_int,18,0.947,0.7733891038940596,15,480,20.0
bot->ton,45,statico,19,1.0,0.6384942769582829,0,0,20.0
bot->ton,45,ogni_batch_int,19,1.0,0.8574820282743116,19,608,20.0
bot->ton,45,martingala_int,19,1.0,0.7632403399804766,16,512,20.0
bot->ton,46,statico,0,0.0,0.98175,0,0,20.0
bot->ton,46,ogni_batch_int,0,0.0,0.98175,0,0,20.0
bot->ton,46,martingala_int,0,0.0,0.98175,0,0,20.0
bot->ton,46,statico,1,0.053,0.8954835053223091,0,0,20.0
bot->ton,46,ogni_batch_int,1,0.053,0.8954835053223091,1,32,20.0
bot->ton,46,martingala_int,1,0.053,0.8954835053223091,0,0,20.0
bot->ton,46,statico,2,0.105,0.8897350683333396,0,0,20.0
bot->ton,46,ogni_batch_int,2,0.105,0.6100517260795352,2,64,20.0
bot->ton,46,martingala_int,2,0.105,0.8897350683333396,0,0,20.0
bot->ton,46,statico,3,0.158,0.8846681496932434,0,0,20.0
bot->ton,46,ogni_batch_int,3,0.158,0.6427491825995475,3,96,20.0
bot->ton,46,martingala_int,3,0.158,0.7420978231938975,1,32,20.0
bot->ton,46,statico,4,0.211,0.8759224758372512,0,0,20.0
bot->ton,46,ogni_batch_int,4,0.211,0.6276532490452095,4,128,20.0
bot->ton,46,martingala_int,4,0.211,0.8104792565732328,2,64,20.0
bot->ton,46,statico,5,0.263,0.8630314929710202,0,0,20.0
bot->ton,46,ogni_batch_int,5,0.263,0.7028026911699259,5,160,20.0
bot->ton,46,martingala_int,5,0.263,0.812829131652661,3,96,20.0
bot->ton,46,statico,6,0.316,0.8459599335865401,0,0,20.0
bot->ton,46,ogni_batch_int,6,0.316,0.7113036725921029,6,192,20.0
bot->ton,46,martingala_int,6,0.316,0.8134630884201215,4,128,20.0
bot->ton,46,statico,7,0.368,0.8344678642580905,0,0,20.0
bot->ton,46,ogni_batch_int,7,0.368,0.8324347012917437,7,224,20.0
bot->ton,46,martingala_int,7,0.368,0.9374188723889885,5,160,20.0
bot->ton,46,statico,8,0.421,0.8176201905442559,0,0,20.0
bot->ton,46,ogni_batch_int,8,0.421,0.8236504202837956,8,256,20.0
bot->ton,46,martingala_int,8,0.421,0.9413795578750386,6,192,20.0
bot->ton,46,statico,9,0.474,0.8125362453318885,0,0,20.0
bot->ton,46,ogni_batch_int,9,0.474,0.8389665172151022,9,288,20.0
bot->ton,46,martingala_int,9,0.474,0.9436266129141727,7,224,20.0
bot->ton,46,statico,10,0.526,0.7962943789338054,0,0,20.0
bot->ton,46,ogni_batch_int,10,0.526,0.8712240142532344,10,320,20.0
bot->ton,46,martingala_int,10,0.526,0.941889959100779,8,256,20.0
bot->ton,46,statico,11,0.579,0.7756552152094491,0,0,20.0
bot->ton,46,ogni_batch_int,11,0.579,0.917026770826166,11,352,20.0
bot->ton,46,martingala_int,11,0.579,0.9400507573356676,9,288,20.0
bot->ton,46,statico,12,0.632,0.7592852700459937,0,0,20.0
bot->ton,46,ogni_batch_int,12,0.632,0.9061349865356048,12,384,20.0
bot->ton,46,martingala_int,12,0.632,0.8754619749016652,10,320,20.0
bot->ton,46,statico,13,0.684,0.7457285518953132,0,0,20.0
bot->ton,46,ogni_batch_int,13,0.684,0.9185365778943029,13,416,20.0
bot->ton,46,martingala_int,13,0.684,0.8704159751038112,11,352,20.0
bot->ton,46,statico,14,0.737,0.731805938256963,0,0,20.0
bot->ton,46,ogni_batch_int,14,0.737,0.8625583310203437,14,448,20.0
bot->ton,46,martingala_int,14,0.737,0.856169160708232,12,384,20.0
bot->ton,46,statico,15,0.789,0.7185882599139737,0,0,20.0
bot->ton,46,ogni_batch_int,15,0.789,0.7702882269559359,15,480,20.0
bot->ton,46,martingala_int,15,0.789,0.7629160050956001,13,416,20.0
bot->ton,46,statico,16,0.842,0.7000662990784732,0,0,20.0
bot->ton,46,ogni_batch_int,16,0.842,0.8595709581780973,16,512,20.0
bot->ton,46,martingala_int,16,0.842,0.8460386805171529,14,448,20.0
bot->ton,46,statico,17,0.895,0.6787551431663267,0,0,20.0
bot->ton,46,ogni_batch_int,17,0.895,0.8550309383543558,17,544,20.0
bot->ton,46,martingala_int,17,0.895,0.9129088531650138,15,480,20.0
bot->ton,46,statico,18,0.947,0.657004472636806,0,0,20.0
bot->ton,46,ogni_batch_int,18,0.947,0.905564885689821,18,576,20.0
bot->ton,46,martingala_int,18,0.947,0.9064561178104646,16,512,20.0
bot->ton,46,statico,19,1.0,0.6422785639630373,0,0,20.0
bot->ton,46,ogni_batch_int,19,1.0,0.917128147275633,19,608,20.0
bot->ton,46,martingala_int,19,1.0,0.913943543971996,17,544,20.0
bot->ton,47,statico,0,0.0,0.97595,0,0,20.0
bot->ton,47,ogni_batch_int,0,0.0,0.97595,0,0,20.0
bot->ton,47,martingala_int,0,0.0,0.97595,0,0,20.0
bot->ton,47,statico,1,0.053,0.9167905614687166,0,0,20.0
bot->ton,47,ogni_batch_int,1,0.053,0.9167905614687166,1,32,20.0
bot->ton,47,martingala_int,1,0.053,0.9167905614687166,0,0,20.0
bot->ton,47,statico,2,0.105,0.9001948182348286,0,0,20.0
bot->ton,47,ogni_batch_int,2,0.105,0.9001948182348286,2,64,20.0
bot->ton,47,martingala_int,2,0.105,0.9001948182348286,0,0,20.0
bot->ton,47,statico,3,0.158,0.8780663258951245,0,0,20.0
bot->ton,47,ogni_batch_int,3,0.158,0.8780663258951245,3,96,20.0
bot->ton,47,martingala_int,3,0.158,0.8780663258951245,1,32,20.0
bot->ton,47,statico,4,0.211,0.8734337080716792,0,0,20.0
bot->ton,47,ogni_batch_int,4,0.211,0.6498358324458863,4,128,20.0
bot->ton,47,martingala_int,4,0.211,0.5738888483884346,2,64,20.0
bot->ton,47,statico,5,0.263,0.8553812636793925,0,0,20.0
bot->ton,47,ogni_batch_int,5,0.263,0.8114743265552709,5,160,20.0
bot->ton,47,martingala_int,5,0.263,0.7966984196245936,3,96,20.0
bot->ton,47,statico,6,0.316,0.8410291022750619,0,0,20.0
bot->ton,47,ogni_batch_int,6,0.316,0.8675296934566823,6,192,20.0
bot->ton,47,martingala_int,6,0.316,0.7900510042958866,4,128,20.0
bot->ton,47,statico,7,0.368,0.8269956706115902,0,0,20.0
bot->ton,47,ogni_batch_int,7,0.368,0.8785099168363719,7,224,20.0
bot->ton,47,martingala_int,7,0.368,0.8022042413210905,5,160,20.0
bot->ton,47,statico,8,0.421,0.8152979481832061,0,0,20.0
bot->ton,47,ogni_batch_int,8,0.421,0.8636858249931337,8,256,20.0
bot->ton,47,martingala_int,8,0.421,0.9211998842737557,6,192,20.0
bot->ton,47,statico,9,0.474,0.7960319894496177,0,0,20.0
bot->ton,47,ogni_batch_int,9,0.474,0.866653857040751,9,288,20.0
bot->ton,47,martingala_int,9,0.474,0.9242888972139718,7,224,20.0
bot->ton,47,statico,10,0.526,0.7798180014085874,0,0,20.0
bot->ton,47,ogni_batch_int,10,0.526,0.8816617662914239,10,320,20.0
bot->ton,47,martingala_int,10,0.526,0.9234844947395138,8,256,20.0
bot->ton,47,statico,11,0.579,0.7709554238292048,0,0,20.0
bot->ton,47,ogni_batch_int,11,0.579,0.8379775326860568,11,352,20.0
bot->ton,47,martingala_int,11,0.579,0.9241093402121451,9,288,20.0
bot->ton,47,statico,12,0.632,0.750481041773983,0,0,20.0
bot->ton,47,ogni_batch_int,12,0.632,0.8354714938784277,12,384,20.0
bot->ton,47,martingala_int,12,0.632,0.9196344247028971,10,320,20.0
bot->ton,47,statico,13,0.684,0.7324421455572125,0,0,20.0
bot->ton,47,ogni_batch_int,13,0.684,0.8449018841968325,13,416,20.0
bot->ton,47,martingala_int,13,0.684,0.8560680111038916,11,352,20.0
bot->ton,47,statico,14,0.737,0.7155258523394237,0,0,20.0
bot->ton,47,ogni_batch_int,14,0.737,0.8340979717778848,14,448,20.0
bot->ton,47,martingala_int,14,0.737,0.8317922924156833,12,384,20.0
bot->ton,47,statico,15,0.789,0.6998108152660525,0,0,20.0
bot->ton,47,ogni_batch_int,15,0.789,0.9174628850405917,15,480,20.0
bot->ton,47,martingala_int,15,0.789,0.9174628850405917,13,416,20.0
bot->ton,47,statico,16,0.842,0.6849091141355694,0,0,20.0
bot->ton,47,ogni_batch_int,16,0.842,0.9114191255005097,16,512,20.0
bot->ton,47,martingala_int,16,0.842,0.9114191255005097,14,448,20.0
bot->ton,47,statico,17,0.895,0.6640769956206679,0,0,20.0
bot->ton,47,ogni_batch_int,17,0.895,0.8971409051222455,17,544,20.0
bot->ton,47,martingala_int,17,0.895,0.8971409051222455,15,480,20.0
bot->ton,47,statico,18,0.947,0.6413975697003478,0,0,20.0
bot->ton,47,ogni_batch_int,18,0.947,0.9014954046526849,18,576,20.0
bot->ton,47,martingala_int,18,0.947,0.9014954046526849,16,512,20.0
bot->ton,47,statico,19,1.0,0.6225939639212026,0,0,20.0
bot->ton,47,ogni_batch_int,19,1.0,0.9058487899078393,19,608,20.0
bot->ton,47,martingala_int,19,1.0,0.9058487899078393,17,544,20.0
bot->ton,48,statico,0,0.0,0.98015,0,0,20.0
bot->ton,48,ogni_batch_int,0,0.0,0.98015,0,0,20.0
bot->ton,48,martingala_int,0,0.0,0.98015,0,0,20.0
bot->ton,48,statico,1,0.053,0.9134278907006179,0,0,20.0
bot->ton,48,ogni_batch_int,1,0.053,0.9134278907006179,1,32,20.0
bot->ton,48,martingala_int,1,0.053,0.9134278907006179,0,0,20.0
bot->ton,48,statico,2,0.105,0.9051423674173062,0,0,20.0
bot->ton,48,ogni_batch_int,2,0.105,0.9051423674173062,2,64,20.0
bot->ton,48,martingala_int,2,0.105,0.9051423674173062,0,0,20.0
bot->ton,48,statico,3,0.158,0.8882734501956291,0,0,20.0
bot->ton,48,ogni_batch_int,3,0.158,0.7185021461144228,3,96,20.0
bot->ton,48,martingala_int,3,0.158,0.8882734501956291,0,0,20.0
bot->ton,48,statico,4,0.211,0.8760181840880252,0,0,20.0
bot->ton,48,ogni_batch_int,4,0.211,0.8627029100013339,4,128,20.0
bot->ton,48,martingala_int,4,0.211,0.8853601246361643,1,32,20.0
bot->ton,48,statico,5,0.263,0.8693533788975333,0,0,20.0
bot->ton,48,ogni_batch_int,5,0.263,0.8840936081252069,5,160,20.0
bot->ton,48,martingala_int,5,0.263,0.8910975074804737,2,64,20.0
bot->ton,48,statico,6,0.316,0.8555172899603385,0,0,20.0
bot->ton,48,ogni_batch_int,6,0.316,0.8785641973896005,6,192,20.0
bot->ton,48,martingala_int,6,0.316,0.7993061451004813,3,96,20.0
bot->ton,48,statico,7,0.368,0.8352134637994612,0,0,20.0
bot->ton,48,ogni_batch_int,7,0.368,0.7694645656235479,7,224,20.0
bot->ton,48,martingala_int,7,0.368,0.7870649004207655,4,128,20.0
bot->ton,48,statico,8,0.421,0.8326906303697423,0,0,20.0
bot->ton,48,ogni_batch_int,8,0.421,0.7880975118613867,8,256,20.0
bot->ton,48,martingala_int,8,0.421,0.7886122734760475,5,160,20.0
bot->ton,48,statico,9,0.474,0.8127820183273472,0,0,20.0
bot->ton,48,ogni_batch_int,9,0.474,0.8775721912465556,9,288,20.0
bot->ton,48,martingala_int,9,0.474,0.8539622301193837,6,192,20.0
bot->ton,48,statico,10,0.526,0.8007594379243559,0,0,20.0
bot->ton,48,ogni_batch_int,10,0.526,0.8818842084287493,10,320,20.0
bot->ton,48,martingala_int,10,0.526,0.8513741197617759,7,224,20.0
bot->ton,48,statico,11,0.579,0.780687091049414,0,0,20.0
bot->ton,48,ogni_batch_int,11,0.579,0.9290085098215721,11,352,20.0
bot->ton,48,martingala_int,11,0.579,0.8369685247434957,8,256,20.0
bot->ton,48,statico,12,0.632,0.7619030458043007,0,0,20.0
bot->ton,48,ogni_batch_int,12,0.632,0.9349140996008188,12,384,20.0
bot->ton,48,martingala_int,12,0.632,0.8644732681608047,9,288,20.0
bot->ton,48,statico,13,0.684,0.7544833201434378,0,0,20.0
bot->ton,48,ogni_batch_int,13,0.684,0.9350955374189944,13,416,20.0
bot->ton,48,martingala_int,13,0.684,0.864596244411086,10,320,20.0
bot->ton,48,statico,14,0.737,0.7344751001205934,0,0,20.0
bot->ton,48,ogni_batch_int,14,0.737,0.867578077367607,14,448,20.0
bot->ton,48,martingala_int,14,0.737,0.8655209831813746,11,352,20.0
bot->ton,48,statico,15,0.789,0.7072326779348197,0,0,20.0
bot->ton,48,ogni_batch_int,15,0.789,0.8576427323602119,15,480,20.0
bot->ton,48,martingala_int,15,0.789,0.8557457905864976,12,384,20.0
bot->ton,48,statico,16,0.842,0.6950005354537301,0,0,20.0
bot->ton,48,ogni_batch_int,16,0.842,0.8468016679383692,16,512,20.0
bot->ton,48,martingala_int,16,0.842,0.8468016679383692,13,416,20.0
bot->ton,48,statico,17,0.895,0.6820239114408694,0,0,20.0
bot->ton,48,ogni_batch_int,17,0.895,0.849071365722575,17,544,20.0
bot->ton,48,martingala_int,17,0.895,0.849071365722575,14,448,20.0
bot->ton,48,statico,18,0.947,0.6684110058318873,0,0,20.0
bot->ton,48,ogni_batch_int,18,0.947,0.8590550277100871,18,576,20.0
bot->ton,48,martingala_int,18,0.947,0.8590550277100871,15,480,20.0
bot->ton,48,statico,19,1.0,0.6467799821204088,0,0,20.0
bot->ton,48,ogni_batch_int,19,1.0,0.8350061775454858,19,608,20.0
bot->ton,48,martingala_int,19,1.0,0.8350061775454858,16,512,20.0
bot->ton,49,statico,0,0.0,0.97925,0,0,20.0
bot->ton,49,ogni_batch_int,0,0.0,0.97925,0,0,20.0
bot->ton,49,martingala_int,0,0.0,0.97925,0,0,20.0
bot->ton,49,statico,1,0.053,0.9110124397678858,0,0,20.0
bot->ton,49,ogni_batch_int,1,0.053,0.9110124397678858,1,32,20.0
bot->ton,49,martingala_int,1,0.053,0.9110124397678858,0,0,20.0
bot->ton,49,statico,2,0.105,0.8930818971405439,0,0,20.0
bot->ton,49,ogni_batch_int,2,0.105,0.7736406626208148,2,64,20.0
bot->ton,49,martingala_int,2,0.105,0.8930818971405439,0,0,20.0
bot->ton,49,statico,3,0.158,0.8865273836428826,0,0,20.0
bot->ton,49,ogni_batch_int,3,0.158,0.7963245976991963,3,96,20.0
bot->ton,49,martingala_int,3,0.158,0.8865273836428826,0,0,20.0
bot->ton,49,statico,4,0.211,0.8651619150505903,0,0,20.0
bot->ton,49,ogni_batch_int,4,0.211,0.7972051868149241,4,128,20.0
bot->ton,49,martingala_int,4,0.211,0.7938868504953626,1,32,20.0
bot->ton,49,statico,5,0.263,0.8622995168073062,0,0,20.0
bot->ton,49,ogni_batch_int,5,0.263,0.8482851602625889,5,160,20.0
bot->ton,49,martingala_int,5,0.263,0.8455290052307223,2,64,20.0
bot->ton,49,statico,6,0.316,0.8365958524533564,0,0,20.0
bot->ton,49,ogni_batch_int,6,0.316,0.7848106976721703,6,192,20.0
bot->ton,49,martingala_int,6,0.316,0.8270696901681029,3,96,20.0
bot->ton,49,statico,7,0.368,0.8199174807402657,0,0,20.0
bot->ton,49,ogni_batch_int,7,0.368,0.8127733243558564,7,224,20.0
bot->ton,49,martingala_int,7,0.368,0.8524626630371488,4,128,20.0
bot->ton,49,statico,8,0.421,0.807435496836225,0,0,20.0
bot->ton,49,ogni_batch_int,8,0.421,0.7898270144964836,8,256,20.0
bot->ton,49,martingala_int,8,0.421,0.8492444227881166,5,160,20.0
bot->ton,49,statico,9,0.474,0.7881556023281578,0,0,20.0
bot->ton,49,ogni_batch_int,9,0.474,0.7871361766402092,9,288,20.0
bot->ton,49,martingala_int,9,0.474,0.7761132319442482,6,192,20.0
bot->ton,49,statico,10,0.526,0.7758274721836442,0,0,20.0
bot->ton,49,ogni_batch_int,10,0.526,0.7932175170200656,10,320,20.0
bot->ton,49,martingala_int,10,0.526,0.8684003000214822,7,224,20.0
bot->ton,49,statico,11,0.579,0.7537343563719564,0,0,20.0
bot->ton,49,ogni_batch_int,11,0.579,0.7581320675255777,11,352,20.0
bot->ton,49,martingala_int,11,0.579,0.8246808417020938,8,256,20.0
bot->ton,49,statico,12,0.632,0.7354372050456064,0,0,20.0
bot->ton,49,ogni_batch_int,12,0.632,0.864079352126391,12,384,20.0
bot->ton,49,martingala_int,12,0.632,0.9121680173097977,9,288,20.0
bot->ton,49,statico,13,0.684,0.7159185813696316,0,0,20.0
bot->ton,49,ogni_batch_int,13,0.684,0.8618632318975403,13,416,20.0
bot->ton,49,martingala_int,13,0.684,0.9178711905844499,10,320,20.0
bot->ton,49,statico,14,0.737,0.692209726987421,0,0,20.0
bot->ton,49,ogni_batch_int,14,0.737,0.8576217094959253,14,448,20.0
bot->ton,49,martingala_int,14,0.737,0.8432275679929698,11,352,20.0
bot->ton,49,statico,15,0.789,0.6762846444694152,0,0,20.0
bot->ton,49,ogni_batch_int,15,0.789,0.8222735477554667,15,480,20.0
bot->ton,49,martingala_int,15,0.789,0.8453879545112408,12,384,20.0
bot->ton,49,statico,16,0.842,0.6551555304065287,0,0,20.0
bot->ton,49,ogni_batch_int,16,0.842,0.8190790089077276,16,512,20.0
bot->ton,49,martingala_int,16,0.842,0.8313708798548063,13,416,20.0
bot->ton,49,statico,17,0.895,0.6324073208427792,0,0,20.0
bot->ton,49,ogni_batch_int,17,0.895,0.825471118756987,17,544,20.0
bot->ton,49,martingala_int,17,0.895,0.825471118756987,14,448,20.0
bot->ton,49,statico,18,0.947,0.6097832759819046,0,0,20.0
bot->ton,49,ogni_batch_int,18,0.947,0.8281208962239881,18,576,20.0
bot->ton,49,martingala_int,18,0.947,0.8281208962239881,15,480,20.0
bot->ton,49,statico,19,1.0,0.5854764375764268,0,0,20.0
bot->ton,49,ogni_batch_int,19,1.0,0.8535281939618721,19,608,20.0
bot->ton,49,martingala_int,19,1.0,0.8535281939618721,16,512,20.0
bot->ton,50,statico,0,0.0,0.97985,0,0,20.0
bot->ton,50,ogni_batch_int,0,0.0,0.97985,0,0,20.0
bot->ton,50,martingala_int,0,0.0,0.97985,0,0,20.0
bot->ton,50,statico,1,0.053,0.9033789292254529,0,0,20.0
bot->ton,50,ogni_batch_int,1,0.053,0.9033789292254529,1,32,20.0
bot->ton,50,martingala_int,1,0.053,0.9033789292254529,0,0,20.0
bot->ton,50,statico,2,0.105,0.8973116817515734,0,0,20.0
bot->ton,50,ogni_batch_int,2,0.105,0.6938721549111309,2,64,20.0
bot->ton,50,martingala_int,2,0.105,0.8973116817515734,0,0,20.0
bot->ton,50,statico,3,0.158,0.8804540044830935,0,0,20.0
bot->ton,50,ogni_batch_int,3,0.158,0.6156970334187604,3,96,20.0
bot->ton,50,martingala_int,3,0.158,0.4657339057674194,1,32,20.0
bot->ton,50,statico,4,0.211,0.8743800101365082,0,0,20.0
bot->ton,50,ogni_batch_int,4,0.211,0.7228382798502235,4,128,20.0
bot->ton,50,martingala_int,4,0.211,0.5963678879981387,2,64,20.0
bot->ton,50,statico,5,0.263,0.8641800173275138,0,0,20.0
bot->ton,50,ogni_batch_int,5,0.263,0.7596613500328214,5,160,20.0
bot->ton,50,martingala_int,5,0.263,0.7906897502506763,3,96,20.0
bot->ton,50,statico,6,0.316,0.8446631477245929,0,0,20.0
bot->ton,50,ogni_batch_int,6,0.316,0.8815784126526229,6,192,20.0
bot->ton,50,martingala_int,6,0.316,0.8902501322178951,4,128,20.0
bot->ton,50,statico,7,0.368,0.8441704595673596,0,0,20.0
bot->ton,50,ogni_batch_int,7,0.368,0.7837056722260681,7,224,20.0
bot->ton,50,martingala_int,7,0.368,0.8881353472010562,5,160,20.0
bot->ton,50,statico,8,0.421,0.8236679403298786,0,0,20.0
bot->ton,50,ogni_batch_int,8,0.421,0.883587298942679,8,256,20.0
bot->ton,50,martingala_int,8,0.421,0.894317869198314,6,192,20.0
bot->ton,50,statico,9,0.474,0.8023849147504678,0,0,20.0
bot->ton,50,ogni_batch_int,9,0.474,0.8824552868955959,9,288,20.0
bot->ton,50,martingala_int,9,0.474,0.8845045700613228,7,224,20.0
bot->ton,50,statico,10,0.526,0.7962911773076797,0,0,20.0
bot->ton,50,ogni_batch_int,10,0.526,0.8832695537002861,10,320,20.0
bot->ton,50,martingala_int,10,0.526,0.8817220482932149,8,256,20.0
bot->ton,50,statico,11,0.579,0.7770359860004603,0,0,20.0
bot->ton,50,ogni_batch_int,11,0.579,0.8787043988054525,11,352,20.0
bot->ton,50,martingala_int,11,0.579,0.8669052358983967,9,288,20.0
bot->ton,50,statico,12,0.632,0.7649515006475884,0,0,20.0
bot->ton,50,ogni_batch_int,12,0.632,0.8817648292823408,12,384,20.0
bot->ton,50,martingala_int,12,0.632,0.8746934574715562,10,320,20.0
bot->ton,50,statico,13,0.684,0.7473055042110277,0,0,20.0
bot->ton,50,ogni_batch_int,13,0.684,0.885815836399446,13,416,20.0
bot->ton,50,martingala_int,13,0.684,0.8781762511079354,11,352,20.0
bot->ton,50,statico,14,0.737,0.7329358782495053,0,0,20.0
bot->ton,50,ogni_batch_int,14,0.737,0.8679658407684053,14,448,20.0
bot->ton,50,martingala_int,14,0.737,0.8713083104131866,12,384,20.0
bot->ton,50,statico,15,0.789,0.7209103165956126,0,0,20.0
bot->ton,50,ogni_batch_int,15,0.789,0.8703300083490795,15,480,20.0
bot->ton,50,martingala_int,15,0.789,0.8721206045669834,13,416,20.0
bot->ton,50,statico,16,0.842,0.7009529978459557,0,0,20.0
bot->ton,50,ogni_batch_int,16,0.842,0.8407001239065194,16,512,20.0
bot->ton,50,martingala_int,16,0.842,0.865459049230091,14,448,20.0
bot->ton,50,statico,17,0.895,0.6816052343753154,0,0,20.0
bot->ton,50,ogni_batch_int,17,0.895,0.7814445067927074,17,544,20.0
bot->ton,50,martingala_int,17,0.895,0.7790406917140368,15,480,20.0
bot->ton,50,statico,18,0.947,0.6660612165821674,0,0,20.0
bot->ton,50,ogni_batch_int,18,0.947,0.7772881183138937,18,576,20.0
bot->ton,50,martingala_int,18,0.947,0.7772881183138937,16,512,20.0
bot->ton,50,statico,19,1.0,0.6482451642074153,0,0,20.0
bot->ton,50,ogni_batch_int,19,1.0,0.7763137144621628,19,608,20.0
bot->ton,50,martingala_int,19,1.0,0.7763137144621628,17,544,20.0
bot->ton,51,statico,0,0.0,0.97815,0,0,20.0
bot->ton,51,ogni_batch_int,0,0.0,0.97815,0,0,20.0
bot->ton,51,martingala_int,0,0.0,0.97815,0,0,20.0
bot->ton,51,statico,1,0.053,0.9182596468574549,0,0,20.0
bot->ton,51,ogni_batch_int,1,0.053,0.9182596468574549,1,32,20.0
bot->ton,51,martingala_int,1,0.053,0.9182596468574549,0,0,20.0
bot->ton,51,statico,2,0.105,0.9094527009514164,0,0,20.0
bot->ton,51,ogni_batch_int,2,0.105,0.9094527009514164,2,64,20.0
bot->ton,51,martingala_int,2,0.105,0.9094527009514164,0,0,20.0
bot->ton,51,statico,3,0.158,0.8709008964178828,0,0,20.0
bot->ton,51,ogni_batch_int,3,0.158,0.8709008964178828,3,96,20.0
bot->ton,51,martingala_int,3,0.158,0.8709008964178828,0,0,20.0
bot->ton,51,statico,4,0.211,0.8698539210540057,0,0,20.0
bot->ton,51,ogni_batch_int,4,0.211,0.8627743432174162,4,128,20.0
bot->ton,51,martingala_int,4,0.211,0.7853608474390341,1,32,20.0
bot->ton,51,statico,5,0.263,0.8580696398983405,0,0,20.0
bot->ton,51,ogni_batch_int,5,0.263,0.8577422928850764,5,160,20.0
bot->ton,51,martingala_int,5,0.263,0.7925108587960112,2,64,20.0
bot->ton,51,statico,6,0.316,0.8427587801228613,0,0,20.0
bot->ton,51,ogni_batch_int,6,0.316,0.81728765299579,6,192,20.0
bot->ton,51,martingala_int,6,0.316,0.7895642814657856,3,96,20.0
bot->ton,51,statico,7,0.368,0.8293949596091792,0,0,20.0
bot->ton,51,ogni_batch_int,7,0.368,0.7870889953315063,7,224,20.0
bot->ton,51,martingala_int,7,0.368,0.7922713106821272,4,128,20.0
bot->ton,51,statico,8,0.421,0.8154705760659342,0,0,20.0
bot->ton,51,ogni_batch_int,8,0.421,0.8684657365282996,8,256,20.0
bot->ton,51,martingala_int,8,0.421,0.7984382194775737,5,160,20.0
bot->ton,51,statico,9,0.474,0.8005588661695284,0,0,20.0
bot->ton,51,ogni_batch_int,9,0.474,0.9301040274591116,9,288,20.0
bot->ton,51,martingala_int,9,0.474,0.7916624044151095,6,192,20.0
bot->ton,51,statico,10,0.526,0.7859389306605249,0,0,20.0
bot->ton,51,ogni_batch_int,10,0.526,0.881218869732519,10,320,20.0
bot->ton,51,martingala_int,10,0.526,0.7879306240956273,7,224,20.0
bot->ton,51,statico,11,0.579,0.7703054615256748,0,0,20.0
bot->ton,51,ogni_batch_int,11,0.579,0.8792719892935579,11,352,20.0
bot->ton,51,martingala_int,11,0.579,0.7943699086144518,8,256,20.0
bot->ton,51,statico,12,0.632,0.7603000230062551,0,0,20.0
bot->ton,51,ogni_batch_int,12,0.632,0.8783461741862724,12,384,20.0
bot->ton,51,martingala_int,12,0.632,0.7940295413271548,9,288,20.0
bot->ton,51,statico,13,0.684,0.7319379978795505,0,0,20.0
bot->ton,51,ogni_batch_int,13,0.684,0.8688091002950589,13,416,20.0
bot->ton,51,martingala_int,13,0.684,0.7806367846055344,10,320,20.0
bot->ton,51,statico,14,0.737,0.7212112792745672,0,0,20.0
bot->ton,51,ogni_batch_int,14,0.737,0.8706680840321588,14,448,20.0
bot->ton,51,martingala_int,14,0.737,0.8739963879146551,11,352,20.0
bot->ton,51,statico,15,0.789,0.7032174690046852,0,0,20.0
bot->ton,51,ogni_batch_int,15,0.789,0.8609861356238027,15,480,20.0
bot->ton,51,martingala_int,15,0.789,0.8653556950987108,12,384,20.0
bot->ton,51,statico,16,0.842,0.6865102588072295,0,0,20.0
bot->ton,51,ogni_batch_int,16,0.842,0.8674906782273504,16,512,20.0
bot->ton,51,martingala_int,16,0.842,0.8798953585650853,13,416,20.0
bot->ton,51,statico,17,0.895,0.6655819755547983,0,0,20.0
bot->ton,51,ogni_batch_int,17,0.895,0.8536047457507641,17,544,20.0
bot->ton,51,martingala_int,17,0.895,0.8541972114650647,14,448,20.0
bot->ton,51,statico,18,0.947,0.6484985681553388,0,0,20.0
bot->ton,51,ogni_batch_int,18,0.947,0.8334713660761529,18,576,20.0
bot->ton,51,martingala_int,18,0.947,0.8537718513644513,15,480,20.0
bot->ton,51,statico,19,1.0,0.6263472124204504,0,0,20.0
bot->ton,51,ogni_batch_int,19,1.0,0.8434648917718108,19,608,20.0
bot->ton,51,martingala_int,19,1.0,0.8551039922718064,16,512,20.0
bot->unsw,43,statico,0,0.0,0.98215,0,0,20.0
bot->unsw,43,ogni_batch_int,0,0.0,0.98215,0,0,20.0
bot->unsw,43,martingala_int,0,0.0,0.98215,0,0,20.0
bot->unsw,43,statico,1,0.053,0.8488281966527937,0,0,20.0
bot->unsw,43,ogni_batch_int,1,0.053,0.8488281966527937,1,32,20.0
bot->unsw,43,martingala_int,1,0.053,0.8488281966527937,0,0,20.0
bot->unsw,43,statico,2,0.105,0.8399775455289883,0,0,20.0
bot->unsw,43,ogni_batch_int,2,0.105,0.7525389565325135,2,64,20.0
bot->unsw,43,martingala_int,2,0.105,0.8399775455289883,0,0,20.0
bot->unsw,43,statico,3,0.158,0.8230670221361944,0,0,20.0
bot->unsw,43,ogni_batch_int,3,0.158,0.866411983983656,3,96,20.0
bot->unsw,43,martingala_int,3,0.158,0.8141863634666787,1,32,20.0
bot->unsw,43,statico,4,0.211,0.8175040599534158,0,0,20.0
bot->unsw,43,ogni_batch_int,4,0.211,0.8612591975487878,4,128,20.0
bot->unsw,43,martingala_int,4,0.211,0.9030862515949942,2,64,20.0
bot->unsw,43,statico,5,0.263,0.7923118880374627,0,0,20.0
bot->unsw,43,ogni_batch_int,5,0.263,0.8381729687404975,5,160,20.0
bot->unsw,43,martingala_int,5,0.263,0.884558588761175,3,96,20.0
bot->unsw,43,statico,6,0.316,0.7729728449495396,0,0,20.0
bot->unsw,43,ogni_batch_int,6,0.316,0.8544984381633521,6,192,20.0
bot->unsw,43,martingala_int,6,0.316,0.8970546338032482,4,128,20.0
bot->unsw,43,statico,7,0.368,0.7536240367692457,0,0,20.0
bot->unsw,43,ogni_batch_int,7,0.368,0.8257044443032575,7,224,20.0
bot->unsw,43,martingala_int,7,0.368,0.8818530753522538,5,160,20.0
bot->unsw,43,statico,8,0.421,0.7358778262652297,0,0,20.0
bot->unsw,43,ogni_batch_int,8,0.421,0.8272064027842861,8,256,20.0
bot->unsw,43,martingala_int,8,0.421,0.8637111083450484,6,192,20.0
bot->unsw,43,statico,9,0.474,0.7186130469831677,0,0,20.0
bot->unsw,43,ogni_batch_int,9,0.474,0.8339831971005254,9,288,20.0
bot->unsw,43,martingala_int,9,0.474,0.8753534118548629,7,224,20.0
bot->unsw,43,statico,10,0.526,0.702264594574906,0,0,20.0
bot->unsw,43,ogni_batch_int,10,0.526,0.8275059676677377,10,320,20.0
bot->unsw,43,martingala_int,10,0.526,0.8701452001679117,8,256,20.0
bot->unsw,43,statico,11,0.579,0.6723141337110639,0,0,20.0
bot->unsw,43,ogni_batch_int,11,0.579,0.8549112902546508,11,352,20.0
bot->unsw,43,martingala_int,11,0.579,0.8527455405881315,9,288,20.0
bot->unsw,43,statico,12,0.632,0.6542920225744928,0,0,20.0
bot->unsw,43,ogni_batch_int,12,0.632,0.8436626067204338,12,384,20.0
bot->unsw,43,martingala_int,12,0.632,0.8456776094949355,10,320,20.0
bot->unsw,43,statico,13,0.684,0.6284329942829165,0,0,20.0
bot->unsw,43,ogni_batch_int,13,0.684,0.8284506060507622,13,416,20.0
bot->unsw,43,martingala_int,13,0.684,0.8366570369893834,11,352,20.0
bot->unsw,43,statico,14,0.737,0.6033645368216795,0,0,20.0
bot->unsw,43,ogni_batch_int,14,0.737,0.8199167993727521,14,448,20.0
bot->unsw,43,martingala_int,14,0.737,0.8199167993727521,12,384,20.0
bot->unsw,43,statico,15,0.789,0.5768366123791191,0,0,20.0
bot->unsw,43,ogni_batch_int,15,0.789,0.8136043560609676,15,480,20.0
bot->unsw,43,martingala_int,15,0.789,0.8136043560609676,13,416,20.0
bot->unsw,43,statico,16,0.842,0.5506963034615281,0,0,20.0
bot->unsw,43,ogni_batch_int,16,0.842,0.8043217312885949,16,512,20.0
bot->unsw,43,martingala_int,16,0.842,0.8043217312885949,14,448,20.0
bot->unsw,43,statico,17,0.895,0.5216143650156024,0,0,20.0
bot->unsw,43,ogni_batch_int,17,0.895,0.7816764473010107,17,544,20.0
bot->unsw,43,martingala_int,17,0.895,0.7816764473010107,15,480,20.0
bot->unsw,43,statico,18,0.947,0.49405403823454286,0,0,20.0
bot->unsw,43,ogni_batch_int,18,0.947,0.7578362359952177,18,576,20.0
bot->unsw,43,martingala_int,18,0.947,0.7578362359952177,16,512,20.0
bot->unsw,43,statico,19,1.0,0.4584474573517952,0,0,20.0
bot->unsw,43,ogni_batch_int,19,1.0,0.7697025033114024,19,608,20.0
bot->unsw,43,martingala_int,19,1.0,0.7697025033114024,17,544,20.0
bot->unsw,44,statico,0,0.0,0.98075,0,0,20.0
bot->unsw,44,ogni_batch_int,0,0.0,0.98075,0,0,20.0
bot->unsw,44,martingala_int,0,0.0,0.98075,0,0,20.0
bot->unsw,44,statico,1,0.053,0.8623736477697435,0,0,20.0
bot->unsw,44,ogni_batch_int,1,0.053,0.8623736477697435,1,32,20.0
bot->unsw,44,martingala_int,1,0.053,0.8623736477697435,0,0,20.0
bot->unsw,44,statico,2,0.105,0.8522916882094242,0,0,20.0
bot->unsw,44,ogni_batch_int,2,0.105,0.8232794454039424,2,64,20.0
bot->unsw,44,martingala_int,2,0.105,0.8522916882094242,0,0,20.0
bot->unsw,44,statico,3,0.158,0.8211455112718564,0,0,20.0
bot->unsw,44,ogni_batch_int,3,0.158,0.8265655669499659,3,96,20.0
bot->unsw,44,martingala_int,3,0.158,0.8076428656869321,1,32,20.0
bot->unsw,44,statico,4,0.211,0.8122871365408727,0,0,20.0
bot->unsw,44,ogni_batch_int,4,0.211,0.8784241195383432,4,128,20.0
bot->unsw,44,martingala_int,4,0.211,0.8537551165248058,2,64,20.0
bot->unsw,44,statico,5,0.263,0.7946320346320346,0,0,20.0
bot->unsw,44,ogni_batch_int,5,0.263,0.8829027680479963,5,160,20.0
bot->unsw,44,martingala_int,5,0.263,0.776364354870579,3,96,20.0
bot->unsw,44,statico,6,0.316,0.7746683817906523,0,0,20.0
bot->unsw,44,ogni_batch_int,6,0.316,0.8763311554091826,6,192,20.0
bot->unsw,44,martingala_int,6,0.316,0.8212741807793075,4,128,20.0
bot->unsw,44,statico,7,0.368,0.7587664721753751,0,0,20.0
bot->unsw,44,ogni_batch_int,7,0.368,0.8698518954756149,7,224,20.0
bot->unsw,44,martingala_int,7,0.368,0.8159508034897616,5,160,20.0
bot->unsw,44,statico,8,0.421,0.7339874572262431,0,0,20.0
bot->unsw,44,ogni_batch_int,8,0.421,0.8629493546211099,8,256,20.0
bot->unsw,44,martingala_int,8,0.421,0.8140824823104782,6,192,20.0
bot->unsw,44,statico,9,0.474,0.7108411991694132,0,0,20.0
bot->unsw,44,ogni_batch_int,9,0.474,0.8428411430605376,9,288,20.0
bot->unsw,44,martingala_int,9,0.474,0.7734059709487529,7,224,20.0
bot->unsw,44,statico,10,0.526,0.6983855136547215,0,0,20.0
bot->unsw,44,ogni_batch_int,10,0.526,0.8637469530374757,10,320,20.0
bot->unsw,44,martingala_int,10,0.526,0.7804398625077535,8,256,20.0
bot->unsw,44,statico,11,0.579,0.6773931113613253,0,0,20.0
bot->unsw,44,ogni_batch_int,11,0.579,0.8424294762904753,11,352,20.0
bot->unsw,44,martingala_int,11,0.579,0.8113621045003487,9,288,20.0
bot->unsw,44,statico,12,0.632,0.6484149709917368,0,0,20.0
bot->unsw,44,ogni_batch_int,12,0.632,0.8399552449776821,12,384,20.0
bot->unsw,44,martingala_int,12,0.632,0.8185330684211085,10,320,20.0
bot->unsw,44,statico,13,0.684,0.6285795207725827,0,0,20.0
bot->unsw,44,ogni_batch_int,13,0.684,0.8022979638208706,13,416,20.0
bot->unsw,44,martingala_int,13,0.684,0.8252069288167434,11,352,20.0
bot->unsw,44,statico,14,0.737,0.6037042741624952,0,0,20.0
bot->unsw,44,ogni_batch_int,14,0.737,0.795279168271082,14,448,20.0
bot->unsw,44,martingala_int,14,0.737,0.8134751636503659,12,384,20.0
bot->unsw,44,statico,15,0.789,0.5744517698417684,0,0,20.0
bot->unsw,44,ogni_batch_int,15,0.789,0.7885923935450834,15,480,20.0
bot->unsw,44,martingala_int,15,0.789,0.8017644487827691,13,416,20.0
bot->unsw,44,statico,16,0.842,0.5460581403815349,0,0,20.0
bot->unsw,44,ogni_batch_int,16,0.842,0.7703545565142469,16,512,20.0
bot->unsw,44,martingala_int,16,0.842,0.7899371920659191,14,448,20.0
bot->unsw,44,statico,17,0.895,0.520920103811258,0,0,20.0
bot->unsw,44,ogni_batch_int,17,0.895,0.7681375221686799,17,544,20.0
bot->unsw,44,martingala_int,17,0.895,0.7823546496296537,15,480,20.0
bot->unsw,44,statico,18,0.947,0.48457019251513783,0,0,20.0
bot->unsw,44,ogni_batch_int,18,0.947,0.7549216169839106,18,576,20.0
bot->unsw,44,martingala_int,18,0.947,0.7650807912318243,16,512,20.0
bot->unsw,44,statico,19,1.0,0.4569120649583554,0,0,20.0
bot->unsw,44,ogni_batch_int,19,1.0,0.7390686178629526,19,608,20.0
bot->unsw,44,martingala_int,19,1.0,0.7500923466324929,17,544,20.0
bot->unsw,45,statico,0,0.0,0.98245,0,0,20.0
bot->unsw,45,ogni_batch_int,0,0.0,0.98245,0,0,20.0
bot->unsw,45,martingala_int,0,0.0,0.98245,0,0,20.0
bot->unsw,45,statico,1,0.053,0.8446723388391066,0,0,20.0
bot->unsw,45,ogni_batch_int,1,0.053,0.8446723388391066,1,32,20.0
bot->unsw,45,martingala_int,1,0.053,0.8446723388391066,0,0,20.0
bot->unsw,45,statico,2,0.105,0.8396362441663547,0,0,20.0
bot->unsw,45,ogni_batch_int,2,0.105,0.6148354416344135,2,64,20.0
bot->unsw,45,martingala_int,2,0.105,0.8396362441663547,0,0,20.0
bot->unsw,45,statico,3,0.158,0.8149764363963754,0,0,20.0
bot->unsw,45,ogni_batch_int,3,0.158,0.7017564265381449,3,96,20.0
bot->unsw,45,martingala_int,3,0.158,0.851816098506228,1,32,20.0
bot->unsw,45,statico,4,0.211,0.802229413689602,0,0,20.0
bot->unsw,45,ogni_batch_int,4,0.211,0.6107551834573905,4,128,20.0
bot->unsw,45,martingala_int,4,0.211,0.8090650416184859,2,64,20.0
bot->unsw,45,statico,5,0.263,0.7839637884292947,0,0,20.0
bot->unsw,45,ogni_batch_int,5,0.263,0.7821397630819953,5,160,20.0
bot->unsw,45,martingala_int,5,0.263,0.8569869188283132,3,96,20.0
bot->unsw,45,statico,6,0.316,0.7772607077771823,0,0,20.0
bot->unsw,45,ogni_batch_int,6,0.316,0.8009886986014789,6,192,20.0
bot->unsw,45,martingala_int,6,0.316,0.8203330241543911,4,128,20.0
bot->unsw,45,statico,7,0.368,0.7429649721721965,0,0,20.0
bot->unsw,45,ogni_batch_int,7,0.368,0.7933618896513863,7,224,20.0
bot->unsw,45,martingala_int,7,0.368,0.8109340774458944,5,160,20.0
bot->unsw,45,statico,8,0.421,0.7390917002973176,0,0,20.0
bot->unsw,45,ogni_batch_int,8,0.421,0.8420665619577012,8,256,20.0
bot->unsw,45,martingala_int,8,0.421,0.8320956579494285,6,192,20.0
bot->unsw,45,statico,9,0.474,0.7098453981297334,0,0,20.0
bot->unsw,45,ogni_batch_int,9,0.474,0.8293131616080278,9,288,20.0
bot->unsw,45,martingala_int,9,0.474,0.859776949684804,7,224,20.0
bot->unsw,45,statico,10,0.526,0.6962526426804274,0,0,20.0
bot->unsw,45,ogni_batch_int,10,0.526,0.8317113605275698,10,320,20.0
bot->unsw,45,martingala_int,10,0.526,0.851723350044304,8,256,20.0
bot->unsw,45,statico,11,0.579,0.6747069499825966,0,0,20.0
bot->unsw,45,ogni_batch_int,11,0.579,0.823959976367886,11,352,20.0
bot->unsw,45,martingala_int,11,0.579,0.833483964960157,9,288,20.0
bot->unsw,45,statico,12,0.632,0.655870080034334,0,0,20.0
bot->unsw,45,ogni_batch_int,12,0.632,0.8363925884973069,12,384,20.0
bot->unsw,45,martingala_int,12,0.632,0.8270101385050981,10,320,20.0
bot->unsw,45,statico,13,0.684,0.6197678739718474,0,0,20.0
bot->unsw,45,ogni_batch_int,13,0.684,0.8275811413512848,13,416,20.0
bot->unsw,45,martingala_int,13,0.684,0.8356841635352252,11,352,20.0
bot->unsw,45,statico,14,0.737,0.5927481877319576,0,0,20.0
bot->unsw,45,ogni_batch_int,14,0.737,0.8262196477725753,14,448,20.0
bot->unsw,45,martingala_int,14,0.737,0.8227784351881176,12,384,20.0
bot->unsw,45,statico,15,0.789,0.5699495634585986,0,0,20.0
bot->unsw,45,ogni_batch_int,15,0.789,0.8161471730491745,15,480,20.0
bot->unsw,45,martingala_int,15,0.789,0.8161471730491745,13,416,20.0
bot->unsw,45,statico,16,0.842,0.5484595424504423,0,0,20.0
bot->unsw,45,ogni_batch_int,16,0.842,0.7986462277132611,16,512,20.0
bot->unsw,45,martingala_int,16,0.842,0.7986462277132611,14,448,20.0
bot->unsw,45,statico,17,0.895,0.5235812737562568,0,0,20.0
bot->unsw,45,ogni_batch_int,17,0.895,0.7951185744172171,17,544,20.0
bot->unsw,45,martingala_int,17,0.895,0.7951185744172171,15,480,20.0
bot->unsw,45,statico,18,0.947,0.48453198741828996,0,0,20.0
bot->unsw,45,ogni_batch_int,18,0.947,0.7885180405727081,18,576,20.0
bot->unsw,45,martingala_int,18,0.947,0.7885180405727081,16,512,20.0
bot->unsw,45,statico,19,1.0,0.44787855373497265,0,0,20.0
bot->unsw,45,ogni_batch_int,19,1.0,0.7789990896572563,19,608,20.0
bot->unsw,45,martingala_int,19,1.0,0.7789990896572563,17,544,20.0
bot->unsw,46,statico,0,0.0,0.98175,0,0,20.0
bot->unsw,46,ogni_batch_int,0,0.0,0.98175,0,0,20.0
bot->unsw,46,martingala_int,0,0.0,0.98175,0,0,20.0
bot->unsw,46,statico,1,0.053,0.8651441927433908,0,0,20.0
bot->unsw,46,ogni_batch_int,1,0.053,0.8651441927433908,1,32,20.0
bot->unsw,46,martingala_int,1,0.053,0.8651441927433908,0,0,20.0
bot->unsw,46,statico,2,0.105,0.8384744227280958,0,0,20.0
bot->unsw,46,ogni_batch_int,2,0.105,0.824313846884914,2,64,20.0
bot->unsw,46,martingala_int,2,0.105,0.8384744227280958,0,0,20.0
bot->unsw,46,statico,3,0.158,0.8329539137055921,0,0,20.0
bot->unsw,46,ogni_batch_int,3,0.158,0.8747639387885712,3,96,20.0
bot->unsw,46,martingala_int,3,0.158,0.8928168709275334,1,32,20.0
bot->unsw,46,statico,4,0.211,0.7953495574619378,0,0,20.0
bot->unsw,46,ogni_batch_int,4,0.211,0.9150088585338555,4,128,20.0
bot->unsw,46,martingala_int,4,0.211,0.8586388604515977,2,64,20.0
bot->unsw,46,statico,5,0.263,0.782839587037409,0,0,20.0
bot->unsw,46,ogni_batch_int,5,0.263,0.8697255007199937,5,160,20.0
bot->unsw,46,martingala_int,5,0.263,0.7817045303154105,3,96,20.0
bot->unsw,46,statico,6,0.316,0.7710153090165099,0,0,20.0
bot->unsw,46,ogni_batch_int,6,0.316,0.8759343070272312,6,192,20.0
bot->unsw,46,martingala_int,6,0.316,0.8419037823882779,4,128,20.0
bot->unsw,46,statico,7,0.368,0.7486396756701326,0,0,20.0
bot->unsw,46,ogni_batch_int,7,0.368,0.857012815769161,7,224,20.0
bot->unsw,46,martingala_int,7,0.368,0.8313723564358082,5,160,20.0
bot->unsw,46,statico,8,0.421,0.7359893660989638,0,0,20.0
bot->unsw,46,ogni_batch_int,8,0.421,0.8511089595356645,8,256,20.0
bot->unsw,46,martingala_int,8,0.421,0.861595521532358,6,192,20.0
bot->unsw,46,statico,9,0.474,0.7228257232748024,0,0,20.0
bot->unsw,46,ogni_batch_int,9,0.474,0.8179506102620782,9,288,20.0
bot->unsw,46,martingala_int,9,0.474,0.8560862257435571,7,224,20.0
bot->unsw,46,statico,10,0.526,0.6922134087401337,0,0,20.0
bot->unsw,46,ogni_batch_int,10,0.526,0.8016520492669711,10,320,20.0
bot->unsw,46,martingala_int,10,0.526,0.861249572802064,8,256,20.0
bot->unsw,46,statico,11,0.579,0.6742546530424425,0,0,20.0
bot->unsw,46,ogni_batch_int,11,0.579,0.7721213628260061,11,352,20.0
bot->unsw,46,martingala_int,11,0.579,0.8360798388020654,9,288,20.0
bot->unsw,46,statico,12,0.632,0.651588805956218,0,0,20.0
bot->unsw,46,ogni_batch_int,12,0.632,0.7485820865515793,12,384,20.0
bot->unsw,46,martingala_int,12,0.632,0.8531051829331506,10,320,20.0
bot->unsw,46,statico,13,0.684,0.6345178149953976,0,0,20.0
bot->unsw,46,ogni_batch_int,13,0.684,0.8302857523753016,13,416,20.0
bot->unsw,46,martingala_int,13,0.684,0.8302857523753016,11,352,20.0
bot->unsw,46,statico,14,0.737,0.6035224668353353,0,0,20.0
bot->unsw,46,ogni_batch_int,14,0.737,0.8374637503974945,14,448,20.0
bot->unsw,46,martingala_int,14,0.737,0.8374637503974945,12,384,20.0
bot->unsw,46,statico,15,0.789,0.5733597335210292,0,0,20.0
bot->unsw,46,ogni_batch_int,15,0.789,0.8249889829814333,15,480,20.0
bot->unsw,46,martingala_int,15,0.789,0.8249889829814333,13,416,20.0
bot->unsw,46,statico,16,0.842,0.5535711134515158,0,0,20.0
bot->unsw,46,ogni_batch_int,16,0.842,0.7828770393883832,16,512,20.0
bot->unsw,46,martingala_int,16,0.842,0.7828770393883832,14,448,20.0
bot->unsw,46,statico,17,0.895,0.5158543465969201,0,0,20.0
bot->unsw,46,ogni_batch_int,17,0.895,0.7821016278429113,17,544,20.0
bot->unsw,46,martingala_int,17,0.895,0.7821016278429113,15,480,20.0
bot->unsw,46,statico,18,0.947,0.485436081709838,0,0,20.0
bot->unsw,46,ogni_batch_int,18,0.947,0.7790376695478445,18,576,20.0
bot->unsw,46,martingala_int,18,0.947,0.7790376695478445,16,512,20.0
bot->unsw,46,statico,19,1.0,0.4555855469955885,0,0,20.0
bot->unsw,46,ogni_batch_int,19,1.0,0.7666897972466196,19,608,20.0
bot->unsw,46,martingala_int,19,1.0,0.7666897972466196,17,544,20.0
bot->unsw,47,statico,0,0.0,0.97595,0,0,20.0
bot->unsw,47,ogni_batch_int,0,0.0,0.97595,0,0,20.0
bot->unsw,47,martingala_int,0,0.0,0.97595,0,0,20.0
bot->unsw,47,statico,1,0.053,0.8564002861045994,0,0,20.0
bot->unsw,47,ogni_batch_int,1,0.053,0.8564002861045994,1,32,20.0
bot->unsw,47,martingala_int,1,0.053,0.8564002861045994,0,0,20.0
bot->unsw,47,statico,2,0.105,0.8391059118196943,0,0,20.0
bot->unsw,47,ogni_batch_int,2,0.105,0.804780406924039,2,64,20.0
bot->unsw,47,martingala_int,2,0.105,0.8391059118196943,0,0,20.0
bot->unsw,47,statico,3,0.158,0.8378200728666763,0,0,20.0
bot->unsw,47,ogni_batch_int,3,0.158,0.8167722309796489,3,96,20.0
bot->unsw,47,martingala_int,3,0.158,0.846089179032093,1,32,20.0
bot->unsw,47,statico,4,0.211,0.8167449985148032,0,0,20.0
bot->unsw,47,ogni_batch_int,4,0.211,0.7858509213888745,4,128,20.0
bot->unsw,47,martingala_int,4,0.211,0.7968427947548745,2,64,20.0
bot->unsw,47,statico,5,0.263,0.8009733096022397,0,0,20.0
bot->unsw,47,ogni_batch_int,5,0.263,0.7786346818111749,5,160,20.0
bot->unsw,47,martingala_int,5,0.263,0.7598217274380192,3,96,20.0
bot->unsw,47,statico,6,0.316,0.7752841285544959,0,0,20.0
bot->unsw,47,ogni_batch_int,6,0.316,0.7587385919347431,6,192,20.0
bot->unsw,47,martingala_int,6,0.316,0.7695522410516586,4,128,20.0
bot->unsw,47,statico,7,0.368,0.7488625914482276,0,0,20.0
bot->unsw,47,ogni_batch_int,7,0.368,0.8054467275974311,7,224,20.0
bot->unsw,47,martingala_int,7,0.368,0.7781116086563913,5,160,20.0
bot->unsw,47,statico,8,0.421,0.7490719054392556,0,0,20.0
bot->unsw,47,ogni_batch_int,8,0.421,0.8147292231535497,8,256,20.0
bot->unsw,47,martingala_int,8,0.421,0.8181012062376657,6,192,20.0
bot->unsw,47,statico,9,0.474,0.7222038784756668,0,0,20.0
bot->unsw,47,ogni_batch_int,9,0.474,0.8212411418084724,9,288,20.0
bot->unsw,47,martingala_int,9,0.474,0.814292774524453,7,224,20.0
bot->unsw,47,statico,10,0.526,0.7045760212215203,0,0,20.0
bot->unsw,47,ogni_batch_int,10,0.526,0.8159897882429699,10,320,20.0
bot->unsw,47,martingala_int,10,0.526,0.8240798448705191,8,256,20.0
bot->unsw,47,statico,11,0.579,0.6782392647772488,0,0,20.0
bot->unsw,47,ogni_batch_int,11,0.579,0.7753336934061023,11,352,20.0
bot->unsw,47,martingala_int,11,0.579,0.8443152950701744,9,288,20.0
bot->unsw,47,statico,12,0.632,0.6546343043237025,0,0,20.0
bot->unsw,47,ogni_batch_int,12,0.632,0.8398564828696645,12,384,20.0
bot->unsw,47,martingala_int,12,0.632,0.8246281484432474,10,320,20.0
bot->unsw,47,statico,13,0.684,0.6309036955479934,0,0,20.0
bot->unsw,47,ogni_batch_int,13,0.684,0.8254484610320757,13,416,20.0
bot->unsw,47,martingala_int,13,0.684,0.8299829438843931,11,352,20.0
bot->unsw,47,statico,14,0.737,0.6062406035766484,0,0,20.0
bot->unsw,47,ogni_batch_int,14,0.737,0.8182334343942064,14,448,20.0
bot->unsw,47,martingala_int,14,0.737,0.8211586172159618,12,384,20.0
bot->unsw,47,statico,15,0.789,0.5818784204191929,0,0,20.0
bot->unsw,47,ogni_batch_int,15,0.789,0.8138032412138279,15,480,20.0
bot->unsw,47,martingala_int,15,0.789,0.8168765659180537,13,416,20.0
bot->unsw,47,statico,16,0.842,0.5550734459195228,0,0,20.0
bot->unsw,47,ogni_batch_int,16,0.842,0.8145543656476915,16,512,20.0
bot->unsw,47,martingala_int,16,0.842,0.8142060050377901,14,448,20.0
bot->unsw,47,statico,17,0.895,0.5211138187017741,0,0,20.0
bot->unsw,47,ogni_batch_int,17,0.895,0.7996596375697156,17,544,20.0
bot->unsw,47,martingala_int,17,0.895,0.7983944295939154,15,480,20.0
bot->unsw,47,statico,18,0.947,0.4881141351675178,0,0,20.0
bot->unsw,47,ogni_batch_int,18,0.947,0.7711750765788427,18,576,20.0
bot->unsw,47,martingala_int,18,0.947,0.7711148884777888,16,512,20.0
bot->unsw,47,statico,19,1.0,0.4534541863013146,0,0,20.0
bot->unsw,47,ogni_batch_int,19,1.0,0.7823869704452777,19,608,20.0
bot->unsw,47,martingala_int,19,1.0,0.7823869704452777,17,544,20.0
bot->unsw,48,statico,0,0.0,0.98015,0,0,20.0
bot->unsw,48,ogni_batch_int,0,0.0,0.98015,0,0,20.0
bot->unsw,48,martingala_int,0,0.0,0.98015,0,0,20.0
bot->unsw,48,statico,1,0.053,0.8599441010037037,0,0,20.0
bot->unsw,48,ogni_batch_int,1,0.053,0.8599441010037037,1,32,20.0
bot->unsw,48,martingala_int,1,0.053,0.8599441010037037,0,0,20.0
bot->unsw,48,statico,2,0.105,0.8500682686059331,0,0,20.0
bot->unsw,48,ogni_batch_int,2,0.105,0.7009689031023882,2,64,20.0
bot->unsw,48,martingala_int,2,0.105,0.8500682686059331,0,0,20.0
bot->unsw,48,statico,3,0.158,0.8410169114718893,0,0,20.0
bot->unsw,48,ogni_batch_int,3,0.158,0.8070375732426379,3,96,20.0
bot->unsw,48,martingala_int,3,0.158,0.8374431328906521,1,32,20.0
bot->unsw,48,statico,4,0.211,0.820323711445762,0,0,20.0
bot->unsw,48,ogni_batch_int,4,0.211,0.8001988505468389,4,128,20.0
bot->unsw,48,martingala_int,4,0.211,0.8543127845453427,2,64,20.0
bot->unsw,48,statico,5,0.263,0.8011761334658019,0,0,20.0
bot->unsw,48,ogni_batch_int,5,0.263,0.8624591721893238,5,160,20.0
bot->unsw,48,martingala_int,5,0.263,0.8657563872020715,3,96,20.0
bot->unsw,48,statico,6,0.316,0.7821400691336517,0,0,20.0
bot->unsw,48,ogni_batch_int,6,0.316,0.8532517626803364,6,192,20.0
bot->unsw,48,martingala_int,6,0.316,0.8287361395687998,4,128,20.0
bot->unsw,48,statico,7,0.368,0.7534163892866057,0,0,20.0
bot->unsw,48,ogni_batch_int,7,0.368,0.8489538723929331,7,224,20.0
bot->unsw,48,martingala_int,7,0.368,0.8512494730232469,5,160,20.0
bot->unsw,48,statico,8,0.421,0.7395483120768115,0,0,20.0
bot->unsw,48,ogni_batch_int,8,0.421,0.8437410827235139,8,256,20.0
bot->unsw,48,martingala_int,8,0.421,0.8251487727052284,6,192,20.0
bot->unsw,48,statico,9,0.474,0.7255387233397168,0,0,20.0
bot->unsw,48,ogni_batch_int,9,0.474,0.8850331173799466,9,288,20.0
bot->unsw,48,martingala_int,9,0.474,0.8176062563099588,7,224,20.0
bot->unsw,48,statico,10,0.526,0.698740693598408,0,0,20.0
bot->unsw,48,ogni_batch_int,10,0.526,0.8760079199119112,10,320,20.0
bot->unsw,48,martingala_int,10,0.526,0.7988841409825136,8,256,20.0
bot->unsw,48,statico,11,0.579,0.6841478569875875,0,0,20.0
bot->unsw,48,ogni_batch_int,11,0.579,0.8532445963271365,11,352,20.0
bot->unsw,48,martingala_int,11,0.579,0.7933912369741929,9,288,20.0
bot->unsw,48,statico,12,0.632,0.6573266926489489,0,0,20.0
bot->unsw,48,ogni_batch_int,12,0.632,0.8374114004801948,12,384,20.0
bot->unsw,48,martingala_int,12,0.632,0.7773372275346859,10,320,20.0
bot->unsw,48,statico,13,0.684,0.6367988317135418,0,0,20.0
bot->unsw,48,ogni_batch_int,13,0.684,0.816880606370614,13,416,20.0
bot->unsw,48,martingala_int,13,0.684,0.769525452749779,11,352,20.0
bot->unsw,48,statico,14,0.737,0.6107775580311877,0,0,20.0
bot->unsw,48,ogni_batch_int,14,0.737,0.8091187302010778,14,448,20.0
bot->unsw,48,martingala_int,14,0.737,0.819194251073959,12,384,20.0
bot->unsw,48,statico,15,0.789,0.5821151262181078,0,0,20.0
bot->unsw,48,ogni_batch_int,15,0.789,0.7982230424176084,15,480,20.0
bot->unsw,48,martingala_int,15,0.789,0.807499592805383,13,416,20.0
bot->unsw,48,statico,16,0.842,0.5545705508737436,0,0,20.0
bot->unsw,48,ogni_batch_int,16,0.842,0.7884924576877639,16,512,20.0
bot->unsw,48,martingala_int,16,0.842,0.7884924576877639,14,448,20.0
bot->unsw,48,statico,17,0.895,0.5254863186700874,0,0,20.0
bot->unsw,48,ogni_batch_int,17,0.895,0.7834401836612841,17,544,20.0
bot->unsw,48,martingala_int,17,0.895,0.7834401836612841,15,480,20.0
bot->unsw,48,statico,18,0.947,0.4964503530296678,0,0,20.0
bot->unsw,48,ogni_batch_int,18,0.947,0.7804642951817904,18,576,20.0
bot->unsw,48,martingala_int,18,0.947,0.7804642951817904,16,512,20.0
bot->unsw,48,statico,19,1.0,0.46222227461961524,0,0,20.0
bot->unsw,48,ogni_batch_int,19,1.0,0.78383123956061,19,608,20.0
bot->unsw,48,martingala_int,19,1.0,0.78383123956061,17,544,20.0
bot->unsw,49,statico,0,0.0,0.97925,0,0,20.0
bot->unsw,49,ogni_batch_int,0,0.0,0.97925,0,0,20.0
bot->unsw,49,martingala_int,0,0.0,0.97925,0,0,20.0
bot->unsw,49,statico,1,0.053,0.8705474705474705,0,0,20.0
bot->unsw,49,ogni_batch_int,1,0.053,0.8705474705474705,1,32,20.0
bot->unsw,49,martingala_int,1,0.053,0.8705474705474705,0,0,20.0
bot->unsw,49,statico,2,0.105,0.862606652963631,0,0,20.0
bot->unsw,49,ogni_batch_int,2,0.105,0.8099601493351232,2,64,20.0
bot->unsw,49,martingala_int,2,0.105,0.862606652963631,0,0,20.0
bot->unsw,49,statico,3,0.158,0.8387344618991088,0,0,20.0
bot->unsw,49,ogni_batch_int,3,0.158,0.7660663201158826,3,96,20.0
bot->unsw,49,martingala_int,3,0.158,0.6960502703243656,1,32,20.0
bot->unsw,49,statico,4,0.211,0.8249611825411415,0,0,20.0
bot->unsw,49,ogni_batch_int,4,0.211,0.7948273316955946,4,128,20.0
bot->unsw,49,martingala_int,4,0.211,0.8142226494278373,2,64,20.0
bot->unsw,49,statico,5,0.263,0.795257972852379,0,0,20.0
bot->unsw,49,ogni_batch_int,5,0.263,0.7813148748297403,5,160,20.0
bot->unsw,49,martingala_int,5,0.263,0.7915087360856701,3,96,20.0
bot->unsw,49,statico,6,0.316,0.7873103867397173,0,0,20.0
bot->unsw,49,ogni_batch_int,6,0.316,0.8789387771739634,6,192,20.0
bot->unsw,49,martingala_int,6,0.316,0.8751614889531613,4,128,20.0
bot->unsw,49,statico,7,0.368,0.7708774428954238,0,0,20.0
bot->unsw,49,ogni_batch_int,7,0.368,0.8741647724128503,7,224,20.0
bot->unsw,49,martingala_int,7,0.368,0.878991160350375,5,160,20.0
bot->unsw,49,statico,8,0.421,0.7550620596946109,0,0,20.0
bot->unsw,49,ogni_batch_int,8,0.421,0.9011253205889107,8,256,20.0
bot->unsw,49,martingala_int,8,0.421,0.8375384288894134,6,192,20.0
bot->unsw,49,statico,9,0.474,0.7352102916501281,0,0,20.0
bot->unsw,49,ogni_batch_int,9,0.474,0.8840325952621513,9,288,20.0
bot->unsw,49,martingala_int,9,0.474,0.8204049656298489,7,224,20.0
bot->unsw,49,statico,10,0.526,0.7146163263108342,0,0,20.0
bot->unsw,49,ogni_batch_int,10,0.526,0.8660341133021987,10,320,20.0
bot->unsw,49,martingala_int,10,0.526,0.8555827339521052,8,256,20.0
bot->unsw,49,statico,11,0.579,0.6945146261437696,0,0,20.0
bot->unsw,49,ogni_batch_int,11,0.579,0.8564506885601535,11,352,20.0
bot->unsw,49,martingala_int,11,0.579,0.847959027097908,9,288,20.0
bot->unsw,49,statico,12,0.632,0.6673780927948054,0,0,20.0
bot->unsw,49,ogni_batch_int,12,0.632,0.8525988726544379,12,384,20.0
bot->unsw,49,martingala_int,12,0.632,0.8295233644559985,10,320,20.0
bot->unsw,49,statico,13,0.684,0.6409530007235554,0,0,20.0
bot->unsw,49,ogni_batch_int,13,0.684,0.8296942478866391,13,416,20.0
bot->unsw,49,martingala_int,13,0.684,0.8081512566062101,11,352,20.0
bot->unsw,49,statico,14,0.737,0.6193978803621982,0,0,20.0
bot->unsw,49,ogni_batch_int,14,0.737,0.823742211971175,14,448,20.0
bot->unsw,49,martingala_int,14,0.737,0.7958246420486729,12,384,20.0
bot->unsw,49,statico,15,0.789,0.5917680603858435,0,0,20.0
bot->unsw,49,ogni_batch_int,15,0.789,0.814496887767212,15,480,20.0
bot->unsw,49,martingala_int,15,0.789,0.778044251304755,13,416,20.0
bot->unsw,49,statico,16,0.842,0.5613073382787803,0,0,20.0
bot->unsw,49,ogni_batch_int,16,0.842,0.7930502581342869,16,512,20.0
bot->unsw,49,martingala_int,16,0.842,0.7776367506300519,14,448,20.0
bot->unsw,49,statico,17,0.895,0.5368700259329081,0,0,20.0
bot->unsw,49,ogni_batch_int,17,0.895,0.7749680034036395,17,544,20.0
bot->unsw,49,martingala_int,17,0.895,0.7930763918824432,15,480,20.0
bot->unsw,49,statico,18,0.947,0.49651429061669766,0,0,20.0
bot->unsw,49,ogni_batch_int,18,0.947,0.7692366199455483,18,576,20.0
bot->unsw,49,martingala_int,18,0.947,0.7913841837920343,16,512,20.0
bot->unsw,49,statico,19,1.0,0.47057223505015,0,0,20.0
bot->unsw,49,ogni_batch_int,19,1.0,0.774487044701216,19,608,20.0
bot->unsw,49,martingala_int,19,1.0,0.7778464456557649,17,544,20.0
bot->unsw,50,statico,0,0.0,0.97985,0,0,20.0
bot->unsw,50,ogni_batch_int,0,0.0,0.97985,0,0,20.0
bot->unsw,50,martingala_int,0,0.0,0.97985,0,0,20.0
bot->unsw,50,statico,1,0.053,0.8327395523692953,0,0,20.0
bot->unsw,50,ogni_batch_int,1,0.053,0.8327395523692953,1,32,20.0
bot->unsw,50,martingala_int,1,0.053,0.8327395523692953,0,0,20.0
bot->unsw,50,statico,2,0.105,0.8376454046920747,0,0,20.0
bot->unsw,50,ogni_batch_int,2,0.105,0.8206030318273372,2,64,20.0
bot->unsw,50,martingala_int,2,0.105,0.8376454046920747,0,0,20.0
bot->unsw,50,statico,3,0.158,0.8191398943234156,0,0,20.0
bot->unsw,50,ogni_batch_int,3,0.158,0.8469350964934588,3,96,20.0
bot->unsw,50,martingala_int,3,0.158,0.6714243734282728,1,32,20.0
bot->unsw,50,statico,4,0.211,0.8090585698512107,0,0,20.0
bot->unsw,50,ogni_batch_int,4,0.211,0.8765470478102441,4,128,20.0
bot->unsw,50,martingala_int,4,0.211,0.8558451347226972,2,64,20.0
bot->unsw,50,statico,5,0.263,0.7860930494085054,0,0,20.0
bot->unsw,50,ogni_batch_int,5,0.263,0.904473557994294,5,160,20.0
bot->unsw,50,martingala_int,5,0.263,0.8512786331108954,3,96,20.0
bot->unsw,50,statico,6,0.316,0.7693811417795164,0,0,20.0
bot->unsw,50,ogni_batch_int,6,0.316,0.8622609911057719,6,192,20.0
bot->unsw,50,martingala_int,6,0.316,0.81819039572062,4,128,20.0
bot->unsw,50,statico,7,0.368,0.7462057670833201,0,0,20.0
bot->unsw,50,ogni_batch_int,7,0.368,0.7967946125551995,7,224,20.0
bot->unsw,50,martingala_int,7,0.368,0.8327537206582287,5,160,20.0
bot->unsw,50,statico,8,0.421,0.7277025490765949,0,0,20.0
bot->unsw,50,ogni_batch_int,8,0.421,0.8422838682380667,8,256,20.0
bot->unsw,50,martingala_int,8,0.421,0.858782876721808,6,192,20.0
bot->unsw,50,statico,9,0.474,0.7174069554988058,0,0,20.0
bot->unsw,50,ogni_batch_int,9,0.474,0.8211090345637113,9,288,20.0
bot->unsw,50,martingala_int,9,0.474,0.8709167367667248,7,224,20.0
bot->unsw,50,statico,10,0.526,0.6934089105577763,0,0,20.0
bot->unsw,50,ogni_batch_int,10,0.526,0.8221155292302907,10,320,20.0
bot->unsw,50,martingala_int,10,0.526,0.8635199715794091,8,256,20.0
bot->unsw,50,statico,11,0.579,0.6704010347887681,0,0,20.0
bot->unsw,50,ogni_batch_int,11,0.579,0.7797613094703637,11,352,20.0
bot->unsw,50,martingala_int,11,0.579,0.8506222943130417,9,288,20.0
bot->unsw,50,statico,12,0.632,0.6526009864451052,0,0,20.0
bot->unsw,50,ogni_batch_int,12,0.632,0.7852879422296424,12,384,20.0
bot->unsw,50,martingala_int,12,0.632,0.8346484444902719,10,320,20.0
bot->unsw,50,statico,13,0.684,0.6233143013798279,0,0,20.0
bot->unsw,50,ogni_batch_int,13,0.684,0.7400682110280377,13,416,20.0
bot->unsw,50,martingala_int,13,0.684,0.8276876244349112,11,352,20.0
bot->unsw,50,statico,14,0.737,0.6021212945335872,0,0,20.0
bot->unsw,50,ogni_batch_int,14,0.737,0.823492174496487,14,448,20.0
bot->unsw,50,martingala_int,14,0.737,0.8127966927259829,12,384,20.0
bot->unsw,50,statico,15,0.789,0.5649688471123027,0,0,20.0
bot->unsw,50,ogni_batch_int,15,0.789,0.8018631502728724,15,480,20.0
bot->unsw,50,martingala_int,15,0.789,0.8018631502728724,13,416,20.0
bot->unsw,50,statico,16,0.842,0.5419063943345468,0,0,20.0
bot->unsw,50,ogni_batch_int,16,0.842,0.7882684024694886,16,512,20.0
bot->unsw,50,martingala_int,16,0.842,0.7882684024694886,14,448,20.0
bot->unsw,50,statico,17,0.895,0.5182453338734698,0,0,20.0
bot->unsw,50,ogni_batch_int,17,0.895,0.7735031212362751,17,544,20.0
bot->unsw,50,martingala_int,17,0.895,0.7735031212362751,15,480,20.0
bot->unsw,50,statico,18,0.947,0.49500013398894216,0,0,20.0
bot->unsw,50,ogni_batch_int,18,0.947,0.7649934543261818,18,576,20.0
bot->unsw,50,martingala_int,18,0.947,0.7649934543261818,16,512,20.0
bot->unsw,50,statico,19,1.0,0.4514952869541309,0,0,20.0
bot->unsw,50,ogni_batch_int,19,1.0,0.7468939310127767,19,608,20.0
bot->unsw,50,martingala_int,19,1.0,0.7468939310127767,17,544,20.0
bot->unsw,51,statico,0,0.0,0.97815,0,0,20.0
bot->unsw,51,ogni_batch_int,0,0.0,0.97815,0,0,20.0
bot->unsw,51,martingala_int,0,0.0,0.97815,0,0,20.0
bot->unsw,51,statico,1,0.053,0.8636390741688423,0,0,20.0
bot->unsw,51,ogni_batch_int,1,0.053,0.8636390741688423,1,32,20.0
bot->unsw,51,martingala_int,1,0.053,0.8636390741688423,0,0,20.0
bot->unsw,51,statico,2,0.105,0.8346275695837958,0,0,20.0
bot->unsw,51,ogni_batch_int,2,0.105,0.8612345218888211,2,64,20.0
bot->unsw,51,martingala_int,2,0.105,0.8346275695837958,0,0,20.0
bot->unsw,51,statico,3,0.158,0.8174902994362692,0,0,20.0
bot->unsw,51,ogni_batch_int,3,0.158,0.8049729116333553,3,96,20.0
bot->unsw,51,martingala_int,3,0.158,0.8174902994362692,0,0,20.0
bot->unsw,51,statico,4,0.211,0.8081112076939252,0,0,20.0
bot->unsw,51,ogni_batch_int,4,0.211,0.8112565393644883,4,128,20.0
bot->unsw,51,martingala_int,4,0.211,0.8579393286100921,1,32,20.0
bot->unsw,51,statico,5,0.263,0.7949221500209682,0,0,20.0
bot->unsw,51,ogni_batch_int,5,0.263,0.7773133954442935,5,160,20.0
bot->unsw,51,martingala_int,5,0.263,0.7562077830202405,2,64,20.0
bot->unsw,51,statico,6,0.316,0.7832762336012598,0,0,20.0
bot->unsw,51,ogni_batch_int,6,0.316,0.7737214919725666,6,192,20.0
bot->unsw,51,martingala_int,6,0.316,0.7958123741853427,3,96,20.0
bot->unsw,51,statico,7,0.368,0.7607766131759516,0,0,20.0
bot->unsw,51,ogni_batch_int,7,0.368,0.7676176175169904,7,224,20.0
bot->unsw,51,martingala_int,7,0.368,0.8672206263002649,4,128,20.0
bot->unsw,51,statico,8,0.421,0.7382337926353462,0,0,20.0
bot->unsw,51,ogni_batch_int,8,0.421,0.7678124955852415,8,256,20.0
bot->unsw,51,martingala_int,8,0.421,0.8652172325515186,5,160,20.0
bot->unsw,51,statico,9,0.474,0.7248033259350097,0,0,20.0
bot->unsw,51,ogni_batch_int,9,0.474,0.8108116019973024,9,288,20.0
bot->unsw,51,martingala_int,9,0.474,0.8610217826513873,6,192,20.0
bot->unsw,51,statico,10,0.526,0.7006598886498778,0,0,20.0
bot->unsw,51,ogni_batch_int,10,0.526,0.7985493038376315,10,320,20.0
bot->unsw,51,martingala_int,10,0.526,0.8525726044335176,7,224,20.0
bot->unsw,51,statico,11,0.579,0.6767548900470662,0,0,20.0
bot->unsw,51,ogni_batch_int,11,0.579,0.8594147107111978,11,352,20.0
bot->unsw,51,martingala_int,11,0.579,0.856077287492342,8,256,20.0
bot->unsw,51,statico,12,0.632,0.6582859029955391,0,0,20.0
bot->unsw,51,ogni_batch_int,12,0.632,0.8456848011864586,12,384,20.0
bot->unsw,51,martingala_int,12,0.632,0.8475902109884476,9,288,20.0
bot->unsw,51,statico,13,0.684,0.6276968109270212,0,0,20.0
bot->unsw,51,ogni_batch_int,13,0.684,0.8219720237590735,13,416,20.0
bot->unsw,51,martingala_int,13,0.684,0.8219720237590735,10,320,20.0
bot->unsw,51,statico,14,0.737,0.6097686441804712,0,0,20.0
bot->unsw,51,ogni_batch_int,14,0.737,0.8240538891844942,14,448,20.0
bot->unsw,51,martingala_int,14,0.737,0.8240538891844942,11,352,20.0
bot->unsw,51,statico,15,0.789,0.5810608888133627,0,0,20.0
bot->unsw,51,ogni_batch_int,15,0.789,0.8002690366306837,15,480,20.0
bot->unsw,51,martingala_int,15,0.789,0.8002690366306837,12,384,20.0
bot->unsw,51,statico,16,0.842,0.5488181535302821,0,0,20.0
bot->unsw,51,ogni_batch_int,16,0.842,0.794471397588533,16,512,20.0
bot->unsw,51,martingala_int,16,0.842,0.794471397588533,13,416,20.0
bot->unsw,51,statico,17,0.895,0.5228832635117293,0,0,20.0
bot->unsw,51,ogni_batch_int,17,0.895,0.781423076099601,17,544,20.0
bot->unsw,51,martingala_int,17,0.895,0.781423076099601,14,448,20.0
bot->unsw,51,statico,18,0.947,0.49277304656066695,0,0,20.0
bot->unsw,51,ogni_batch_int,18,0.947,0.7791136969125094,18,576,20.0
bot->unsw,51,martingala_int,18,0.947,0.7791136969125094,15,480,20.0
bot->unsw,51,statico,19,1.0,0.4577292621993142,0,0,20.0
bot->unsw,51,ogni_batch_int,19,1.0,0.766751300026576,19,608,20.0
bot->unsw,51,martingala_int,19,1.0,0.766751300026576,16,512,20.0
