exp,model,accuracy_mean,accuracy_std,balanced_accuracy_mean,balanced_accuracy_std,precision_mean,precision_std,recall_mean,recall_std,f1_mean,f1_std,mcc_mean,mcc_std,roc_auc_mean,roc_auc_std,pr_auc_mean,pr_auc_std,tn_mean,tn_std,fp_mean,fp_std,fn_mean,fn_std,tp_mean,tp_std,fpr_mean,fpr_std,fnr_mean,fnr_std,fit_seconds_mean,fit_seconds_std,n_train_mean,n_train_std,n_test_mean,n_test_std,unseen_proto_h_mean,unseen_proto_h_std,unseen_state_h_mean,unseen_state_h_std,ratio_mean,ratio_std,train_pos_rate_mean,train_pos_rate_std,test_pos_rate_mean,test_pos_rate_std,n_runs
bot->bot,DecisionTree(d=5),0.9947795052149003,0.0002537812921911232,0.9951901380140283,0.0033814303180118507,0.999999424458436,8.794090719295814e-07,0.9947793988350743,0.00025370920485779156,0.9973825657790808,0.0001274829684957036,0.15497914085909456,0.004902067483833256,0.9973915788007729,0.003382988196437806,0.999999340080601,8.797321175113031e-07,94.98,0.7690439333539884,0.42,0.64174506986332,3829.88,186.12335606653292,729779.12,186.12335606652465,0.00439912280701752,0.00672814037058352,0.005220601164925684,0.00025370920485781465,1.4040000000000001,0.20894291770036832,19461.6,25.23845462457511,733704.4,0.49487165931197097,0.0,0.0,0.0,0.0,50.0,0.0,0.9803921568627452,3.546477361781819e-17,0.9998699748840637,6.74395817441426e-07,50
bot->bot,"KAN(cat,1L)",0.9868279380104272,0.0019466870347989143,0.993413112434553,0.0009734706977096508,1.0,0.0,0.986826224869106,0.001946941395419199,0.993368490714648,0.000986072310728051,0.0990529177371226,0.007794298479438508,0.9992160970087967,0.00024666944436188635,0.999999894185215,3.23151326752661e-08,95.4,0.49487165930539345,0.0,0.0,9664.4,1428.2937301521124,723944.6,1428.2937301521465,0.0,0.0,0.013173775130893937,0.001946941395419245,10.17,2.0990036509093097,19461.6,25.23845462457511,733704.4,0.49487165931197097,0.0,0.0,0.0,0.0,50.0,0.0,0.9803921568627452,3.546477361781819e-17,0.9998699748840637,6.74395817441426e-07,50
bot->bot,"KAN(cat,ML)",0.9965831743748598,9.296453318549925e-05,0.9971380061904003,0.002650915680938208,0.9999996990919895,6.930308810068925e-07,0.9965830299246601,9.304971978308541e-05,0.9982884389704991,4.6647747869631596e-05,0.19075833633234449,0.0026139905488948676,0.9998945731984769,4.48614928624398e-05,0.9999999842770814,6.170942232491935e-09,95.18,0.7196938124462854,0.22,0.5066899385990914,2506.72,68.26211188036407,731102.28,68.2621118803635,0.002307017543859636,0.005311049487318098,0.0034169700753398165,9.304971978310422e-05,46.908,6.1899141136766875,19461.6,25.23845462457511,733704.4,0.49487165931197097,0.0,0.0,0.0,0.0,50.0,0.0,0.9803921568627452,3.546477361781819e-17,0.9998699748840637,6.74395817441426e-07,50
bot->bot,LightGBM,0.9967200687425546,8.031298585270001e-05,0.9971034057311183,0.003104201811215361,0.9999996717598187,8.084144063154867e-07,0.9967199693569735,8.013537867931638e-05,0.9983571254545984,4.0293796217428254e-05,0.19451895885947265,0.002778097100876783,0.9999203904268594,3.6004866868594617e-05,0.9999999858820504,5.9291592415875856e-09,95.16,0.7384484561897217,0.24,0.591090310445063,2406.26,58.78803501754836,731202.74,58.788035017531094,0.002513157894736832,0.006189696104187919,0.0032800306430264196,8.013537867930747e-05,9.304,1.4247033346759364,19461.6,25.23845462457511,733704.4,0.49487165931197097,0.0,0.0,0.0,0.0,50.0,0.0,0.9803921568627452,3.546477361781819e-17,0.9998699748840637,6.74395817441426e-07,50
bot->bot,MLP(16),0.9996476782459625,0.00031039459043019727,0.9425713904648118,0.03613260103761431,0.9999851107875193,9.370077393256248e-06,0.9996625177717285,0.00031297558226938554,0.9998237638079437,0.00015533017756756294,0.5182611234433139,0.09214774390849997,0.9971696976923483,0.011898014263522612,0.9999988826440588,6.489293545721175e-06,84.48,6.96123376350802,10.92,6.874501837239124,247.58,229.60170393309278,733361.42,229.6017039331006,0.11451973684210523,0.07235332183752036,0.0003374822282714128,0.00031297558226942506,3.918,0.6994721041541229,19461.6,25.23845462457511,733704.4,0.49487165931197097,0.0,0.0,0.0,0.0,50.0,0.0,0.9803921568627452,3.546477361781819e-17,0.9998699748840637,6.74395817441426e-07,50
bot->bot,XGBoost,0.9998514115500834,2.246561671056889e-05,0.9779143042876609,0.008669611004360773,0.9999942740964671,2.2544836194592818e-06,0.9998571173472517,2.2238171957424556e-05,0.999925690897364,1.123588673809573e-05,0.6685222020407751,0.029585671642803485,0.9999208264964895,3.4607884242806576e-05,0.9999999859221184,5.862421695177576e-09,91.2,1.7379321515137767,4.2,1.6536909861128892,104.82,16.314123091508716,733504.18,16.314123091507387,0.044028508771929785,0.017338084663159118,0.00014288265274820948,2.223817195742296e-05,3.178,0.43060943997538903,19461.6,25.23845462457511,733704.4,0.49487165931197097,0.0,0.0,0.0,0.0,50.0,0.0,0.9803921568627452,3.546477361781819e-17,0.9998699748840637,6.74395817441426e-07,50
bot->ton,DecisionTree(d=5),0.26702662490582485,0.015971236962938295,0.45973455349813397,0.010722867777170698,0.6273696266506485,0.05106668027393314,0.09348310699626802,0.02076151730626259,0.1623977852007968,0.03305023455920369,-0.11050905386900367,0.03480223584742881,0.6603958749650716,0.052781038495062896,0.8228120321522978,0.022400089896410416,41299.3,150.71389377817084,8700.7,150.71389377817067,145988.2,3343.497031552442,15054.8,3343.497031552443,0.174014,0.003014277875563419,0.906516893003732,0.020761517306262595,0.2,0.0,24327.0,0.0,211043.0,0.0,0.0,0.0,0.21252540951370097,0.0,50.0,0.0,0.9803921568627452,0.0,0.7630814573333397,0.0,10
bot->ton,"KAN(cat,1L)",0.45857668816307573,0.09889516258311067,0.6112073963786069,0.06950959307240238,0.908447600582436,0.07571677148584723,0.3211247927572139,0.13170091154340796,0.46258829105684934,0.14144582017308277,0.21256506416179324,0.12044534688748368,0.8264812523860087,0.03545115416864245,0.9112334607942078,0.025753435149986473,45064.5,3687.110981363172,4935.5,3687.1109813631715,109328.1,21209.50989768505,51714.9,21209.50989768505,0.09870999999999999,0.07374221962726343,0.678875207242786,0.131700911543408,1.83,0.0948683298050514,24327.0,0.0,211043.0,0.0,0.0,0.0,0.21252540951370097,0.0,50.0,0.0,0.9803921568627452,0.0,0.7630814573333397,0.0,10
bot->ton,"KAN(cat,ML)",0.626480859350938,0.13149637246916734,0.6855389760064081,0.09766986002877648,0.8972417799923864,0.04820275169597037,0.5732959520128165,0.17368168975005432,0.6875408189241925,0.13965595208528675,0.3255768640022265,0.16963093130549467,0.7635007129896983,0.09568663417177321,0.8764782249823412,0.05661414280060174,39889.1,5870.94729153652,10110.9,5870.94729153652,68717.7,27970.220362417997,92325.3,27970.220362417997,0.202218,0.1174189458307304,0.42670404798718353,0.17368168975005432,19.21,0.1523883926754993,24327.0,0.0,211043.0,0.0,0.0,0.0,0.21252540951370097,0.0,50.0,0.0,0.9803921568627452,0.0,0.7630814573333397,0.0,10
bot->ton,LightGBM,0.6402766260904176,0.08757464330565497,0.6963691808026428,0.05445443020611559,0.9042256452800975,0.013040228001632405,0.5897623616052855,0.11795983694500842,0.7086890630861612,0.08735770006817528,0.34035625188046986,0.10031671785084564,0.7679932912514049,0.03051797064698579,0.8573754577388746,0.025656747083786166,40148.8,1113.1745196109684,9851.2,1113.174519610969,66065.9,18996.60602113499,94977.1,18996.60602113499,0.197024,0.022263490392219375,0.4102376383947144,0.11795983694500843,1.81,0.0994428926011753,24327.0,0.0,211043.0,0.0,0.0,0.0,0.21252540951370097,0.0,50.0,0.0,0.9803921568627452,0.0,0.7630814573333397,0.0,10
bot->ton,MLP(16),0.8291201319162445,0.009579277889571212,0.734295378464137,0.014400708088695252,0.8686502478317163,0.008041524151182517,0.9145147569282738,0.01671801463910844,0.890874376936506,0.006891403221448093,0.5023476631816481,0.02466432179213572,0.6046140786125445,0.009241177446544992,0.7517041743250713,0.005924062117559995,27703.8,1848.7319257624495,22296.2,1848.7319257624495,13766.8,2692.319231525943,147276.2,2692.319231525941,0.44592400000000004,0.036974638515248986,0.08548524307172614,0.01671801463910844,1.23,0.15670212364724206,24327.0,0.0,211043.0,0.0,0.0,0.0,0.21252540951370097,0.0,50.0,0.0,0.9803921568627452,0.0,0.7630814573333397,0.0,10
bot->ton,XGBoost,0.7204583899963515,0.0778026701497853,0.6487229454183044,0.04607421481352133,0.836854485461164,0.017880471778703944,0.7850598908366089,0.10925782569342289,0.8071035280935384,0.06913059281325734,0.2920505087190665,0.10189257720040285,0.6959014349583652,0.05156285106774216,0.8333341028377091,0.026921004190739724,25619.3,2347.3720081070333,24380.7,2347.3720081070333,34614.6,17595.208023145897,126428.4,17595.208023145897,0.48761400000000005,0.04694744016214064,0.21494010916339112,0.10925782569342286,0.76,0.051639777949432274,24327.0,0.0,211043.0,0.0,0.0,0.0,0.21252540951370097,0.0,50.0,0.0,0.9803921568627452,0.0,0.7630814573333397,0.0,10
ton->bot,DecisionTree(d=5),0.4558464962183681,6.9822258248509085e-06,0.5493995502999783,0.008945187011900396,0.9998981549739199,5.103830947686276e-06,0.45582216139660225,9.310845076817756e-06,0.626185858634636,7.785057014458836e-06,0.00226188946175638,0.0004095858192679495,0.43381131783414534,0.0003698300161019565,0.9998983538028708,5.140235621018769e-07,306.7,8.538149682454621,170.3,8.538149682454625,1996068.8,34.152598729829634,1671976.2,34.152598729829634,0.35702306079664564,0.017899684868877594,0.5441778386033977,9.31084507685083e-06,3.14,0.06992058987801013,211043.0,0.0,3668522.0,0.0,5.8061529956750974e-05,0.0,0.0,0.0,50.0,0.0,0.7630814573333397,0.0,0.999869974883618,0.0,10
ton->bot,"KAN(cat,1L)",0.4406837140406954,0.002055540647971783,0.5573287827226228,0.009459776938321406,0.9999037909281678,5.4955393356763925e-06,0.4406533725731282,0.0020546347972680316,0.6117204606849849,0.001984523516262741,0.00263320680057928,0.000433784997852516,0.5170980138103773,0.04242046380261321,0.999901363457043,9.310471716611379e-06,321.5,8.488554385497897,155.5,8.488554385497894,2051708.6,7536.492894944928,1616336.4,7536.492894944928,0.32599580712788256,0.017795711499995554,0.5593466274268718,0.0020546347972680112,28.889999999999997,11.986886353196331,211043.0,0.0,3668522.0,0.0,5.8061529956750974e-05,0.0,0.0,0.0,50.0,0.0,0.7630814573333397,0.0,0.999869974883618,0.0,10
ton->bot,"KAN(cat,ML)",0.26051120860117505,0.06187856585098193,0.4588461612684857,0.054822859756176234,0.9998146235141014,7.935707968629721e-05,0.2604596181344558,0.06188390902122778,0.40976965097099416,0.07923313157090546,-0.0023708398652894816,0.0032120830187316136,0.4185366889798627,0.08053738898563825,0.999770495453032,7.19401353710374e-05,313.5,35.75922569382931,163.5,35.75922569382931,2712667.4,226992.96306576938,955377.6,226992.96306576947,0.3427672955974842,0.07496693017574281,0.7395403818655442,0.06188390902122777,192.5,52.54562039049707,211043.0,0.0,3668522.0,0.0,5.8061529956750974e-05,0.0,0.0,0.0,50.0,0.0,0.7630814573333397,0.0,0.999869974883618,0.0,10
ton->bot,LightGBM,0.2880702092014168,0.005887214832611936,0.47786786206750465,0.008289129909502545,0.9998498892097138,7.792259892390577e-06,0.28802083943899265,0.005887217969622606,0.4471858554309292,0.007107643542565767,-0.00111630180506929,0.00042246783891265353,0.5515947603492778,0.035597745022660006,0.9998568647472904,1.023581592461552e-05,318.5,6.240548408949685,158.5,6.240548408949685,2611571.6,21594.58043738448,1056473.4,21594.58043738442,0.3322851153039832,0.013082910710586334,0.7119791605610073,0.005887217969622631,27.639999999999997,1.1964763079792071,211043.0,0.0,3668522.0,0.0,5.8061529956750974e-05,0.0,0.0,0.0,50.0,0.0,0.7630814573333397,0.0,0.999869974883618,0.0,10
ton->bot,MLP(16),0.421143119763218,0.06887640707718107,0.43687978572423025,0.06341341345896559,0.9998260456346811,4.456778851659252e-05,0.4211390263750854,0.0688823569104073,0.5897567413747007,0.06643456533587484,-0.00297564456084859,0.0030074981530568393,0.3817437888621245,0.06036782437380448,0.9997509630867503,6.107276392357002e-05,215.9,43.07732066361087,261.1,43.07732066361086,2123288.1,252663.58485343488,1544756.9,252663.58485343488,0.5473794549266248,0.09030884835138547,0.5788609736249146,0.06888235691040728,16.05,2.229225077116361,211043.0,0.0,3668522.0,0.0,5.8061529956750974e-05,0.0,0.0,0.0,50.0,0.0,0.7630814573333397,0.0,0.999869974883618,0.0,10
ton->bot,XGBoost,0.4137476891238488,0.05325819424656243,0.5527677134507011,0.026892203740968262,0.9999013934374764,1.5266254322123056e-05,0.4137115275303329,0.053265136831426314,0.5833687248250905,0.0560175092129745,0.0024278224761345784,0.0012286684319828087,0.4581580403796351,0.03317292817448424,0.9998579457358947,1.053451523158756e-05,330.0,3.972125095937664,147.0,3.972125095937661,2150532.5,195378.91882882913,1517512.5,195378.91882882916,0.3081761006289308,0.008327306280791723,0.5862884724696671,0.05326513683142632,11.26,0.3204163957519443,211043.0,0.0,3668522.0,0.0,5.8061529956750974e-05,0.0,0.0,0.0,50.0,0.0,0.7630814573333397,0.0,0.999869974883618,0.0,10
ton->ton,DecisionTree(d=5),0.9875854686320218,0.0013056579735501955,0.9828382810917308,0.0014654674301812643,0.9918787770586459,0.001756116679826751,0.9918605621834615,0.0032763492563427483,0.9918635927248255,0.0008742466111006309,0.9657344923591985,0.003421143836910526,0.9913639714090147,0.0008532783389872832,0.99473744035461,0.0005225712932651957,9738.16,57.75577009781645,261.84,57.75577009781651,262.16,105.52712389500161,31946.44,105.49613785367114,0.026184,0.005775577009781652,0.008139437816538428,0.0032763492563427535,0.506,0.2410944433458493,168834.4,0.49487165930472643,42208.6,0.49487165930530996,0.0,0.0,0.0,0.0,50.0,0.0,0.7630814573313449,6.944327308266286e-07,0.7630814573014235,2.7777473760334743e-06,50
ton->ton,"KAN(cat,1L)",0.9694105011505348,0.0011097383799041976,0.9701432926486083,0.0011624538704089863,0.9909603260905248,0.0005957339056013915,0.9687505852972167,0.0013208479863068745,0.9797290833530533,0.0007458118213941804,0.9184386985749149,0.002828806186427372,0.9930195772838194,0.00042686641321026795,0.9974263454376469,0.00017114799636281888,9715.36,18.918471699071603,284.64,18.918471699071556,1006.5,42.545174071035305,31202.1,42.46931665500234,0.028464,0.0018918471699071553,0.031249414702783303,0.001320847986306881,9.612,4.867620631504154,168834.4,0.49487165930472643,42208.6,0.49487165930530996,0.0,0.0,0.0,0.0,50.0,0.0,0.7630814573313449,6.944327308266286e-07,0.7630814573014235,2.7777473760334743e-06,50
ton->ton,"KAN(cat,ML)",0.9935122211763259,0.0004544690287279796,0.9932301297781472,0.0006656787467519806,0.9977228163219017,0.00040486198092588534,0.9937662595562944,0.0004930975388667635,0.9957404948735548,0.0002986730730706941,0.9821708425751646,0.0012466416287889644,0.999596760968593,9.203409334504614e-05,0.9998585303161582,4.681467395393427e-05,9926.94,13.026519261937649,73.06,13.026519261937652,200.78,15.881307199577337,32007.82,15.997053300083705,0.007306,0.001302651926193765,0.0062337404437056865,0.0004930975388667644,175.938,84.85110101146091,168834.4,0.49487165930472643,42208.6,0.49487165930530996,0.0,0.0,0.0,0.0,50.0,0.0,0.7630814573313449,6.944327308266286e-07,0.7630814573014235,2.7777473760334743e-06,50
ton->ton,LightGBM,0.9966888261688367,0.0002719716039651264,0.9962955130398258,0.0003668678217236666,0.9986156417095191,0.00022389659008390306,0.9970430260796518,0.0003215871601372459,0.997828670099537,0.0001785225931523196,0.9908643358164985,0.000748124122773831,0.9998824252943359,4.902573126151696e-05,0.9999598389677655,2.0389481379821886e-05,9955.48,7.214611025197374,44.52,7.214611025197268,95.24,10.357999964534956,32113.36,10.3386731868897,0.004452,0.0007214611025197266,0.0029569739203482498,0.00032158716013723217,3.3960000000000004,3.302315823163855,168834.4,0.49487165930472643,42208.6,0.49487165930530996,0.0,0.0,0.0,0.0,50.0,0.0,0.7630814573313449,6.944327308266286e-07,0.7630814573014235,2.7777473760334743e-06,50
ton->ton,MLP(16),0.9920665451987171,0.0008551743698420181,0.9878685355948081,0.0015706714248939725,0.993770226917148,0.0009474381098536722,0.9958470711896161,0.0005676456058020493,0.994807270078716,0.0005581878944161436,0.9780184283200115,0.0023795618622711864,0.9985187029891991,0.0003463325982490348,0.9994950959805255,0.00012036247848730011,9798.9,30.79375102258274,201.1,30.79375102258277,133.76,18.28299086861996,32074.84,18.33070358381135,0.020110000000000003,0.003079375102258277,0.004152928810383783,0.0005676456058020452,14.85,13.037626082901403,168834.4,0.49487165930472643,42208.6,0.49487165930530996,0.0,0.0,0.0,0.0,50.0,0.0,0.7630814573313449,6.944327308266286e-07,0.7630814573014235,2.7777473760334743e-06,50
ton->ton,XGBoost,0.9963017016831889,0.00023263461986482183,0.9947400331148322,0.00043924765542447606,0.9974462259252033,0.0003141072632856646,0.9977080662296643,0.00032849146808118436,0.9975770502440494,0.00015245421412696293,0.9897696136835443,0.00064283964538837,0.9998520428788195,5.0277678359321345e-05,0.9999497028866745,2.033219613606078e-05,9917.72,10.162034184921524,82.28,10.162034184921353,73.82,10.580478751561524,32134.78,10.523617753046919,0.008228,0.001016203418492135,0.002291933770335719,0.0003284914680811879,2.4659999999999997,1.8711133867626644,168834.4,0.49487165930472643,42208.6,0.49487165930530996,0.0,0.0,0.0,0.0,50.0,0.0,0.7630814573313449,6.944327308266286e-07,0.7630814573014235,2.7777473760334743e-06,50
