exp,model,variant,f1_mean,f1_std,balanced_acc_mean,balanced_acc_std,recall_attack_mean,recall_attack_std,recall_normal_mean,recall_normal_std,precision_mean,precision_std,pr_auc_mean,pr_auc_std,mcc_mean,mcc_std,n_runs
bot->bot,DecisionTree(d=5),cat,0.9974,0.0001,0.9952,0.0034,0.9948,0.0003,0.9956,0.0067,1.0,0.0,1.0,0.0,0.155,0.0049,50
bot->bot,DecisionTree(d=5),nocat,0.9922,0.0002,0.986,0.0085,0.9846,0.0003,0.9874,0.0173,1.0,0.0,1.0,0.0,0.0897,0.001,5
bot->bot,"KAN(cat,1L)",cat,0.9934,0.001,0.9934,0.001,0.9868,0.0019,1.0,0.0,1.0,0.0,1.0,0.0,0.0991,0.0078,50
bot->bot,"KAN(cat,1L)",nocat,0.9877,0.0005,0.9858,0.0028,0.9757,0.0009,0.9958,0.0057,1.0,0.0,1.0,0.0,0.0719,0.0014,5
bot->bot,"KAN(cat,ML)",cat,0.9983,0.0,0.9971,0.0027,0.9966,0.0001,0.9977,0.0053,1.0,0.0,1.0,0.0,0.1908,0.0026,50
bot->bot,"KAN(cat,ML)",nocat,0.9944,0.0003,0.9892,0.0062,0.989,0.0007,0.9895,0.0129,1.0,0.0,1.0,0.0,0.1062,0.0026,5
bot->bot,LightGBM,cat,0.9984,0.0,0.9971,0.0031,0.9967,0.0001,0.9975,0.0062,1.0,0.0,1.0,0.0,0.1945,0.0028,50
bot->bot,LightGBM,nocat,0.9949,0.0003,0.9865,0.0068,0.9898,0.0005,0.9832,0.014,1.0,0.0,1.0,0.0,0.1101,0.0022,5
bot->bot,MLP(16),cat,0.9998,0.0002,0.9426,0.0361,0.9997,0.0003,0.8855,0.0724,1.0,0.0,1.0,0.0,0.5183,0.0921,50
bot->bot,MLP(16),nocat,0.9997,0.0005,0.8343,0.0845,0.9995,0.001,0.669,0.1696,1.0,0.0,1.0,0.0,0.4556,0.1414,5
bot->bot,XGBoost,cat,0.9999,0.0,0.9779,0.0087,0.9999,0.0,0.956,0.0173,1.0,0.0,1.0,0.0,0.6685,0.0296,50
bot->bot,XGBoost,nocat,0.9999,0.0,0.96,0.0128,0.9998,0.0,0.9202,0.0256,1.0,0.0,1.0,0.0,0.5744,0.0204,5
bot->ton,DecisionTree(d=5),cat,0.1624,0.0331,0.4597,0.0107,0.0935,0.0208,0.826,0.003,0.6274,0.0511,0.8228,0.0224,-0.1105,0.0348,10
bot->ton,DecisionTree(d=5),nocat,0.4471,0.0175,0.4923,0.0378,0.3179,0.0179,0.6667,0.0827,0.7563,0.04,0.7838,0.0162,-0.0132,0.0678,3
bot->ton,"KAN(cat,1L)",cat,0.4626,0.1414,0.6112,0.0695,0.3211,0.1317,0.9013,0.0737,0.9084,0.0757,0.9112,0.0258,0.2126,0.1204,10
bot->ton,"KAN(cat,1L)",nocat,0.2923,0.1821,0.5724,0.0568,0.1823,0.1255,0.9624,0.0127,0.9191,0.052,0.8739,0.0371,0.1617,0.1018,3
bot->ton,"KAN(cat,ML)",cat,0.6875,0.1397,0.6855,0.0977,0.5733,0.1737,0.7978,0.1174,0.8972,0.0482,0.8765,0.0566,0.3256,0.1696,10
bot->ton,"KAN(cat,ML)",nocat,0.4918,0.0888,0.527,0.076,0.3594,0.0813,0.6946,0.084,0.7862,0.0708,0.7798,0.0192,0.0464,0.1327,3
bot->ton,LightGBM,cat,0.7087,0.0874,0.6964,0.0545,0.5898,0.118,0.803,0.0223,0.9042,0.013,0.8574,0.0257,0.3404,0.1003,10
bot->ton,LightGBM,nocat,0.5696,0.0472,0.5786,0.0169,0.4338,0.0532,0.7233,0.0388,0.8347,0.0118,0.832,0.0137,0.1368,0.0276,3
bot->ton,MLP(16),cat,0.8909,0.0069,0.7343,0.0144,0.9145,0.0167,0.5541,0.037,0.8687,0.008,0.7517,0.0059,0.5023,0.0247,10
bot->ton,MLP(16),nocat,0.7923,0.0865,0.5484,0.0095,0.813,0.1767,0.2838,0.1794,0.7862,0.0082,0.7173,0.0158,0.126,0.0649,3
bot->ton,XGBoost,cat,0.8071,0.0691,0.6487,0.0461,0.7851,0.1093,0.5124,0.0469,0.8369,0.0179,0.8333,0.0269,0.2921,0.1019,10
bot->ton,XGBoost,nocat,0.7398,0.0706,0.5961,0.05,0.68,0.105,0.5122,0.0056,0.816,0.0212,0.8014,0.0278,0.175,0.1004,3
ton->bot,DecisionTree(d=5),cat,0.6262,0.0,0.5494,0.0089,0.4558,0.0,0.643,0.0179,0.9999,0.0,0.9999,0.0,0.0023,0.0004,10
ton->bot,DecisionTree(d=5),nocat,0.381,0.0,0.4206,0.0,0.2353,0.0,0.6059,0.0,0.9998,0.0,0.9999,0.0,-0.0043,0.0,3
ton->bot,"KAN(cat,1L)",cat,0.6117,0.002,0.5573,0.0095,0.4407,0.0021,0.674,0.0178,0.9999,0.0,0.9999,0.0,0.0026,0.0004,10
ton->bot,"KAN(cat,1L)",nocat,0.4018,0.017,0.4626,0.0194,0.2515,0.0133,0.6737,0.0521,0.9998,0.0,0.9999,0.0,-0.002,0.001,3
ton->bot,"KAN(cat,ML)",cat,0.4098,0.0792,0.4588,0.0548,0.2605,0.0619,0.6572,0.075,0.9998,0.0001,0.9998,0.0001,-0.0024,0.0032,10
ton->bot,LightGBM,cat,0.4472,0.0071,0.4779,0.0083,0.288,0.0059,0.6677,0.0131,0.9998,0.0,0.9999,0.0,-0.0011,0.0004,10
ton->bot,LightGBM,nocat,0.3828,0.0029,0.3969,0.0065,0.2368,0.0022,0.557,0.0128,0.9998,0.0,0.9998,0.0,-0.0055,0.0003,3
ton->bot,MLP(16),cat,0.5898,0.0664,0.4369,0.0634,0.4211,0.0689,0.4526,0.0903,0.9998,0.0,0.9998,0.0001,-0.003,0.003,10
ton->bot,MLP(16),nocat,0.8715,0.0296,0.6888,0.022,0.7731,0.0458,0.6045,0.0282,0.9999,0.0,0.9999,0.0,0.0104,0.0018,3
ton->bot,XGBoost,cat,0.5834,0.056,0.5528,0.0269,0.4137,0.0533,0.6918,0.0083,0.9999,0.0,0.9999,0.0,0.0024,0.0012,10
ton->bot,XGBoost,nocat,0.4124,0.0027,0.4031,0.0111,0.2598,0.0021,0.5465,0.0212,0.9998,0.0,0.9998,0.0,-0.005,0.0006,3
ton->ton,DecisionTree(d=5),cat,0.9919,0.0009,0.9828,0.0015,0.9919,0.0033,0.9738,0.0058,0.9919,0.0018,0.9947,0.0005,0.9657,0.0034,50
ton->ton,DecisionTree(d=5),nocat,0.9815,0.0005,0.9663,0.0011,0.977,0.0007,0.9555,0.0019,0.9861,0.0006,0.9949,0.0005,0.9233,0.002,14
ton->ton,"KAN(cat,1L)",cat,0.9797,0.0007,0.9701,0.0012,0.9688,0.0013,0.9715,0.0019,0.991,0.0006,0.9974,0.0002,0.9184,0.0028,50
ton->ton,"KAN(cat,1L)",nocat,0.9702,0.0009,0.9544,0.0012,0.9559,0.0017,0.9529,0.0017,0.9849,0.0005,0.9932,0.0005,0.8817,0.0033,14
ton->ton,"KAN(cat,ML)",cat,0.9957,0.0003,0.9932,0.0007,0.9938,0.0005,0.9927,0.0013,0.9977,0.0004,0.9999,0.0,0.9822,0.0012,50
ton->ton,LightGBM,cat,0.9978,0.0002,0.9963,0.0004,0.997,0.0003,0.9955,0.0007,0.9986,0.0002,1.0,0.0,0.9909,0.0007,50
ton->ton,LightGBM,nocat,0.9962,0.0003,0.9927,0.0005,0.9955,0.0006,0.99,0.0011,0.9969,0.0004,0.9999,0.0,0.984,0.0012,14
ton->ton,MLP(16),cat,0.9948,0.0006,0.9879,0.0016,0.9958,0.0006,0.9799,0.0031,0.9938,0.0009,0.9995,0.0001,0.978,0.0024,50
ton->ton,MLP(16),nocat,0.9863,0.001,0.9658,0.0024,0.9908,0.0012,0.9408,0.0045,0.9818,0.0014,0.9978,0.0004,0.9415,0.0042,14
ton->ton,XGBoost,cat,0.9976,0.0002,0.9947,0.0004,0.9977,0.0003,0.9918,0.001,0.9974,0.0003,0.9999,0.0,0.9898,0.0006,50
ton->ton,XGBoost,nocat,0.9949,0.0005,0.9866,0.0016,0.9973,0.0003,0.976,0.0034,0.9926,0.001,0.9998,0.0001,0.9784,0.002,14
