exp,model,accuracy_mean,accuracy_std,balanced_accuracy_mean,balanced_accuracy_std,precision_mean,precision_std,recall_mean,recall_std,f1_mean,f1_std,mcc_mean,mcc_std,roc_auc_mean,roc_auc_std,pr_auc_mean,pr_auc_std,tn_mean,tn_std,fp_mean,fp_std,fn_mean,fn_std,tp_mean,tp_std,fpr_mean,fpr_std,fnr_mean,fnr_std,fit_seconds_mean,fit_seconds_std,n_train_mean,n_train_std,n_test_mean,n_test_std,ratio_mean,ratio_std,train_pos_rate_mean,train_pos_rate_std,test_pos_rate_mean,test_pos_rate_std,n_runs
bot->bot,DecisionTree(d=5),0.9846210545356724,0.00034541643736740214,0.9860055205952125,0.008501956718764579,0.9999983392563891,2.2733568654049138e-06,0.9846206903132323,0.0003473754977732148,0.9922499136260152,0.00017539969634148707,0.0897045504426761,0.0010090469528176366,0.9925301674426787,0.008823890064636263,0.9999981342957313,2.2793443198408397e-06,94.2,1.9235384061671343,1.2,1.6431676725154984,11282.4,254.83779154591645,722326.6,254.83779154590871,0.012609649122807019,0.017299907507976713,0.015379309686767748,0.00034737549777322333,0.32,0.0447213595499958,19461.6,27.933850432763638,733704.4,0.5477225574945389,50.0,0.0,0.980392156862745,0.0,0.9998699748840638,7.464193897423277e-07,5
bot->bot,"KAN(cat,1L)",0.9757479986394705,0.0008919452892764251,0.9857783968821721,0.0027791341573231657,0.9999994413482977,7.649656750291063e-07,0.975745390255572,0.0008922573543873135,0.987723380405322,0.00045698497753754035,0.07185553455427203,0.0013756263747227554,0.9967650025482048,0.0002560861866242182,0.9999995720442261,3.464276847788562e-08,95.0,0.7071067811865476,0.4,0.5477225575051661,17793.4,654.5680254946767,715815.6,654.568025494674,0.00418859649122807,0.005735602969883091,0.02425460974442789,0.0008922573543872507,3.3,0.18708286933869703,19461.6,27.933850432763638,733704.4,0.5477225574945389,50.0,0.0,0.980392156862745,0.0,0.9998699748840638,7.464193897423277e-07,5
bot->bot,"KAN(cat,ML)",0.988957133160253,0.0006748208791425942,0.9892263371337229,0.006210394600530045,0.9999986223166923,1.6868720218890692e-06,0.9889570602323581,0.0006760980753970227,0.9944470997305015,0.0003412032993329341,0.10624902938331009,0.0025527487941436255,0.9995185535578457,0.00020680724278927364,0.9999999345819239,2.7212489068910223e-08,94.4,1.5165750888103082,1.0,1.224744871391589,8101.2,495.9916329939448,725507.8,495.99163299394655,0.01050438596491228,0.012892144535941683,0.011042939767641891,0.0006760980753970373,8.32,0.6685805860178713,19461.6,27.933850432763638,733704.4,0.5477225574945389,50.0,0.0,0.980392156862745,0.0,0.9998699748840638,7.464193897423277e-07,5
bot->bot,LightGBM,0.9898485002151833,0.0005338488835718931,0.9865474876035236,0.0068444713786137345,0.9999977971879461,1.8469909004435571e-06,0.9898493611719594,0.0005351607973452798,0.9948976416788298,0.0002697316596743024,0.11008082690150485,0.0021929555054019632,0.9994773487869262,0.00014964140642226355,0.9999999236387189,2.0904437272867852e-08,93.8,1.3038404810405295,1.6,1.3416407864998738,7446.6,392.598777379655,726162.4,392.5987773796623,0.01675438596491228,0.014049514583566812,0.010150638828040551,0.0005351607973452554,6.82,0.5167204273105527,19461.6,27.933850432763638,733704.4,0.5477225574945389,50.0,0.0,0.980392156862745,0.0,0.9998699748840638,7.464193897423277e-07,5
bot->bot,MLP(16),0.9994240184862349,0.0009415608058559293,0.8342510531268473,0.08445599257036503,0.9999569170558992,2.2065557663867043e-05,0.9994670185343963,0.0009578780744669144,0.9997117176652658,0.000471404267222414,0.4556429693999928,0.14144167625025808,0.9751008778386728,0.013380940286284351,0.9999820996947726,1.917914158132522e-05,63.8,16.006248779773482,31.6,16.195678435928517,391.0,702.7079763315627,733218.0,702.7079763315625,0.33096491228070174,0.16961676642673765,0.0005329814656036117,0.0009578780744668654,1.5,0.33166247903554,19461.6,27.933850432763638,733704.4,0.5477225574945389,50.0,0.0,0.980392156862745,0.0,0.9998699748840638,7.464193897423277e-07,5
bot->bot,XGBoost,0.9997737508650276,3.342677323195931e-05,0.9600126546180141,0.012790240601102962,0.9999896382106513,3.283168040334234e-06,0.9997840811658527,3.594359101835473e-05,0.9998868488259841,1.6719645689071824e-05,0.5744157546372927,0.0203930127584104,0.9994532316416558,0.0002581242295523203,0.9999999207313592,3.5414689832199905e-08,87.8,2.8635642126552687,7.6,2.4083189157584592,158.4,26.368541863364385,733450.6,26.3685418633672,0.07975877192982457,0.025608833736489887,0.00021591883414734552,3.5943591018327734e-05,2.68,0.1303840481040529,19461.6,27.933850432763638,733704.4,0.5477225574945389,50.0,0.0,0.980392156862745,0.0,0.9998699748840638,7.464193897423277e-07,5
bot->ton,DecisionTree(d=5),0.4005329087753049,0.017611066898879705,0.4923132851888419,0.03778640140980762,0.756333689940878,0.039972205895462506,0.31787990371101715,0.01794337570950053,0.4471416006027549,0.017457999829145074,-0.013208840031250895,0.0677608675874128,0.5557743930503033,0.03519077161983467,0.7837646411353213,0.016169218696267564,33337.333333333336,4132.75953006382,16662.666666666668,4132.759530063821,109850.66666666667,2889.655054385097,51192.333333333336,2889.655054385096,0.33325333333333335,0.08265519060127642,0.6821200962889828,0.017943375709500546,0.10000000000000002,0.0,24327.0,0.0,211043.0,0.0,50.0,0.0,0.9803921568627451,0.0,0.7630814573333397,0.0,3
bot->ton,"KAN(cat,1L)",0.36715108611357244,0.09297669301712855,0.5723725655673744,0.05683879139285945,0.9190635588186113,0.05195324510109513,0.18233846446808202,0.12554663088716106,0.292311166217119,0.182131238779672,0.16165874903996924,0.10178278038685312,0.7357329991989717,0.08975013034369955,0.8739180038617412,0.03708832760862835,48120.333333333336,634.7955051300635,1879.6666666666667,634.7955051300642,131678.66666666666,20218.406077961077,29364.333333333332,20218.406077961077,0.03759333333333333,0.012695910102601283,0.817661535531918,0.125546630887161,1.7666666666666666,0.20816659994661324,24327.0,0.0,211043.0,0.0,50.0,0.0,0.9803921568627451,0.0,0.7630814573333397,0.0,3
bot->ton,"KAN(cat,ML)",0.4388410576675527,0.07714408571626238,0.5270032209202925,0.07599820845999013,0.7861657020310867,0.07081840279548632,0.359446441840585,0.08131324999244649,0.49179717367407877,0.08882639647677584,0.046386738425791635,0.13267945720714408,0.5361219930908722,0.09962117095797658,0.7798420230225659,0.01920211226726988,34728.0,4201.496995119715,15272.0,4201.496995119715,103156.66666666667,13094.929718533556,57886.333333333336,13094.929718533558,0.30544,0.0840299399023943,0.640553558159415,0.08131324999244649,7.733333333333333,0.3214550253664318,24327.0,0.0,211043.0,0.0,50.0,0.0,0.9803921568627451,0.0,0.7630814573333397,0.0,3
bot->ton,LightGBM,0.5023873491816043,0.033974187857980225,0.5785611192869813,0.01691311785710023,0.834716149603126,0.011784916745083982,0.43378890524062935,0.05316291418508334,0.5696055785754921,0.04723417404968475,0.13684207676133373,0.027625088424802356,0.6251396281531435,0.03314578162522037,0.8319606022678254,0.01371207605368176,36166.666666666664,1938.5645032686782,13833.333333333334,1938.5645032686775,91184.33333333333,8561.515189108373,69858.66666666667,8561.515189108373,0.27666666666666667,0.03877129006537354,0.5662110947593707,0.053162914185083336,3.6333333333333333,0.20816659994661324,24327.0,0.0,211043.0,0.0,50.0,0.0,0.9803921568627451,0.0,0.7630814573333397,0.0,3
bot->ton,MLP(16),0.6876560700899818,0.09267395149510922,0.5484356510993958,0.009452516236349448,0.7862469475496416,0.008151014639156361,0.8130313021987917,0.17669945724385755,0.7923241239025621,0.08645015862737934,0.1260193951384825,0.06489575050725904,0.4958028300516011,0.04921863975627952,0.7172976367864022,0.0158317589254557,14192.0,8970.220287150143,35808.0,8970.220287150143,30110.0,28456.210692922556,130933.0,28456.210692922556,0.71616,0.17940440574300287,0.1869686978012084,0.17669945724385758,0.9666666666666668,0.1527525231651947,24327.0,0.0,211043.0,0.0,50.0,0.0,0.9803921568627451,0.0,0.7630814573333397,0.0,3
bot->ton,XGBoost,0.640221818934214,0.07894995556886704,0.5960709754951575,0.05000839011836244,0.8160307723718656,0.021208275537834304,0.6799819509903152,0.10502355800811768,0.7398266162784787,0.07059939024053657,0.17499151391413684,0.10040240286688204,0.6293957581515496,0.030690031188313576,0.8013662993156087,0.027833697583405457,25608.0,282.29948636155893,24392.0,282.29948636155893,51536.666666666664,16913.308852301296,109506.33333333333,16913.308852301296,0.48784,0.005645989727231155,0.3200180490096848,0.10502355800811768,0.9666666666666667,0.05773502691896255,24327.0,0.0,211043.0,0.0,50.0,0.0,0.9803921568627451,0.0,0.7630814573333397,0.0,3
ton->bot,DecisionTree(d=5),0.2353963439953929,2.4865965784570898e-05,0.420609093906275,1.2434599702555342e-05,0.9997822702326751,2.300105383377465e-08,0.23534816684818935,2.4869199405120703e-05,0.3810074097641869,3.259074025331093e-05,-0.004267619433642784,8.244308236509171e-07,0.33394301257322584,3.232474555800248e-06,0.9998852319330934,1.8719982700964833e-09,289.0,0.0,188.0,0.0,2804777.3333333335,91.22134253192726,863267.6666666666,91.22134253195247,0.3941299790356394,0.0,0.7646518331518107,2.4869199405110684e-05,2.1333333333333333,0.15275252316519466,211043.0,0.0,3668522.0,0.0,50.0,0.0,0.7630814573333397,0.0,0.9998699748836181,0.0,3
ton->bot,"KAN(cat,1L)",0.2515319066734051,0.013250884313967494,0.4625658999107767,0.019421745006070256,0.9998319255474334,1.8640760517599964e-05,0.2514770129592194,0.01325937568283216,0.4017543371834708,0.017034888523042305,-0.0019565054364301905,0.0009965238550647332,0.5584612247708344,0.011338517057995838,0.9998974310663803,2.636271651404264e-06,321.3333333333333,24.846193538112306,155.66666666666666,24.846193538112296,2745616.0,48635.98667653408,922429.0,48635.98667653408,0.32634521313766596,0.05208845605474277,0.7485229870407806,0.013259375682832135,26.333333333333332,1.0692676621563617,211043.0,0.0,3668522.0,0.0,50.0,0.0,0.7630814573333397,0.0,0.9998699748836181,0.0,3
ton->bot,LightGBM,0.2367965445848037,0.0021976662047524255,0.3968540451811616,0.006464182418108886,0.9997566949968024,7.2793338387936665e-06,0.2367549107676342,0.002198003730426098,0.3828434759371669,0.002876541460632299,-0.00553331486778356,0.0003489917443881859,0.40049446602204886,0.036053477495373125,0.9997753165605866,1.6410313001153872e-05,265.6666666666667,6.110100926607794,211.33333333333334,6.110100926607783,2799617.3333333335,8062.376593370824,868427.6666666666,8062.3765933708055,0.4430468204053109,0.01280943590483812,0.7632450892323659,0.0021980037304260586,33.766666666666666,1.5695009822658066,211043.0,0.0,3668522.0,0.0,50.0,0.0,0.7630814573333397,0.0,0.9998699748836181,0.0,3
ton->bot,MLP(16),0.7730656469644542,0.04584100768257662,0.6887799840486682,0.0220374752015319,0.9999333819432691,4.8304832226755275e-06,0.7730875711721094,0.045848318974682147,0.8714881962271366,0.029621632973758097,0.010406709804963415,0.0017722386282922231,0.6665547084668941,0.0033667556594160837,0.9998971178950385,1.579398053005222e-05,288.3333333333333,13.428824718989116,188.66666666666666,13.428824718989128,832325.0,168173.69717348786,2835720.0,168173.69717348786,0.3955276030747729,0.02815267236685351,0.22691242882789062,0.04584831897468211,13.933333333333332,3.83709959908957,211043.0,0.0,3668522.0,0.0,50.0,0.0,0.7630814573333397,0.0,0.9998699748836181,0.0,3
ton->bot,XGBoost,0.25981153536310625,0.00212629350471147,0.4031226284435432,0.011063020066520074,0.9997729841669355,1.1464328672972035e-05,0.2597742575858984,0.002125489108955178,0.4123916640813065,0.0026765692217927775,-0.005038383636000208,0.0005817054657195643,0.4420392064188023,0.0061919590876424275,0.9997948483534467,5.862987753623534e-06,260.6666666666667,10.115993936995675,216.33333333333334,10.11599393699568,2715181.3333333335,7796.389698657492,952863.6666666666,7796.389698657525,0.453529000698812,0.021207534459110437,0.7402257424141016,0.002125489108955164,15.633333333333333,0.05773502691896263,211043.0,0.0,3668522.0,0.0,50.0,0.0,0.7630814573333397,0.0,0.9998699748836181,0.0,3
ton->ton,DecisionTree(d=5),0.9719048753683508,0.0007425394377724623,0.9662564839812469,0.0010703564532821173,0.9860625381855034,0.0005960666555402379,0.9769915393910653,0.0006776029575963748,0.9815059218281693,0.0004897895224674068,0.9232557232895334,0.0020230416691778305,0.9896513233555011,0.0007007407768889463,0.9949242076836943,0.0004968896810255328,9555.214285714286,19.24009663908473,444.7857142857143,19.240096639084705,741.0714285714286,21.8296350641271,31467.571428571428,21.614504694459708,0.04447857142857143,0.0019240096639084705,0.023008460608934637,0.0006776029575963604,0.38571428571428573,0.03631365196012815,168834.35714285713,0.49724515809813824,42208.642857142855,0.49724515809891723,50.0,0.0,0.7630813971917062,6.977633625556363e-07,0.7630816978614028,2.7910699818503958e-06,14
ton->ton,"KAN(cat,1L)",0.9552342903190784,0.0013600422618727298,0.9544442930207827,0.0011956183678944387,0.9849469433375274,0.0005464735010186529,0.9559457288987085,0.0017223315351776174,0.970228866304495,0.0009276900591933728,0.8817198100854746,0.0033000760853300164,0.9823018260551224,0.0008387448247350775,0.9931769989483755,0.0005136549685412191,9529.42857142857,17.345867544724314,470.57142857142856,17.345867544724324,1418.9285714285713,55.48175623324547,30789.714285714286,55.30395530635641,0.04705714285714285,0.0017345867544724329,0.04405427110129149,0.0017223315351776207,7.542857142857143,0.7035233151396302,168834.35714285713,0.49724515809813824,42208.642857142855,0.49724515809891723,50.0,0.0,0.7630813971917062,6.977633625556363e-07,0.7630816978614028,2.7910699818503958e-06,14
ton->ton,LightGBM,0.9941921176002824,0.00045522362701129986,0.9927369845348807,0.0005324144848498249,0.9968822508065581,0.000351048645511001,0.9955025404983325,0.0006364804686742786,0.996191754884415,0.0002994495710247671,0.9839681452914734,0.0012442100500854006,0.9996663120337864,5.819700682552278e-05,0.9998855534316881,2.5089851474794423e-05,9899.714285714286,11.343778853685391,100.28571428571429,11.34377885368534,144.85714285714286,20.500871061633315,32063.785714285714,20.377886096409508,0.010028571428571428,0.0011343778853685337,0.004497459501667418,0.0006364804686742583,2.7857142857142856,0.05345224838248468,168834.35714285713,0.49724515809813824,42208.642857142855,0.49724515809891723,50.0,0.0,0.7630813971917062,6.977633625556363e-07,0.7630816978614028,2.7910699818503958e-06,14
ton->ton,MLP(16),0.9789819671335307,0.001508573255174322,0.9658158055919589,0.0024096531523737736,0.9817871465138287,0.001368365284554479,0.9908387540410607,0.0012433193853351248,0.9862914822348946,0.000983090813167891,0.9414569582907216,0.004218253072777468,0.994164103308588,0.0010983815214858014,0.9978311631890237,0.00044522696946612636,9407.92857142857,45.17225882146005,592.0714285714286,45.172258821459955,295.07142857142856,40.04701906838679,31913.571428571428,39.93786382661189,0.059207142857142854,0.004517225882145997,0.00916124595893933,0.0012433193853351135,8.6,2.653879598451468,168834.35714285713,0.49724515809813824,42208.642857142855,0.49724515809891723,50.0,0.0,0.7630813971917062,6.977633625556363e-07,0.7630816978614028,2.7910699818503958e-06,14
ton->ton,XGBoost,0.9922189272969547,0.0007333851162551799,0.9866198660328529,0.0016425435482715148,0.992578138110444,0.0010487530352043418,0.9972611606371345,0.00033686492519060276,0.9949137817218713,0.0004768932786851247,0.9784167370169664,0.002042620487121541,0.9993345746336008,0.0001292230179498445,0.9997650213245406,5.141933637690902e-05,9759.785714285714,34.20791310035318,240.21428571428572,34.20791310035324,88.21428571428571,10.849874663782076,32120.428571428572,10.903170221504917,0.024021428571428572,0.0034207913100353232,0.002738839362865511,0.00033686492519061393,1.707142857142857,0.06157279262148822,168834.35714285713,0.49724515809813824,42208.642857142855,0.49724515809891723,50.0,0.0,0.7630813971917062,6.977633625556363e-07,0.7630816978614028,2.7910699818503958e-06,14
