accuracy,balanced_accuracy,precision,recall,f1,mcc,roc_auc,pr_auc,tn,fp,fn,tp,fpr,fnr,model,seed,fit_seconds,n_train,n_test,features,exp,fold,variant,ratio,train_pos_rate,test_pos_rate
0.37643987244305666,0.5798012049576822,0.9486515313119,0.1933024099153642,0.3211629130600749,0.18727128989720682,0.6602305283061046,0.8455470197092396,48315,1685,129913,31130,0.0337,0.8066975900846358,"KAN(cat,1L)",42,2.0,24327,211043,"bytes_src,byte_asymmetry,payload_mean_src,bytes_total,byte_rate,duration,flow_rate,pkt_asymmetry,pkts_total,pkts_src",bot->ton,0,nocat,50.0,0.9803921568627451,0.7630814573333397
0.5279018967698526,0.6121679606067945,0.8647627646178336,0.4520159212135889,0.5937011919860045,0.1947980182355421,0.6417615061815788,0.7905511350129333,38616,11384,88249,72794,0.22768,0.5479840787864111,"KAN(cat,ML)",42,8.1,24327,211043,"bytes_src,byte_asymmetry,payload_mean_src,bytes_total,byte_rate,duration,flow_rate,pkt_asymmetry,pkts_total,pkts_src",bot->ton,0,nocat,50.0,0.9803921568627451,0.7630814573333397
0.3863667593807897,0.45017297218755237,0.7119737620302167,0.3289059443751048,0.4499509427070281,-0.08869028747058237,0.5184198500400514,0.7651111565760593,28572,21428,108075,52968,0.42856,0.6710940556248952,DecisionTree(d=5),42,0.1,24327,211043,"bytes_src,byte_asymmetry,payload_mean_src,bytes_total,byte_rate,duration,flow_rate,pkt_asymmetry,pkts_total,pkts_src",bot->ton,0,nocat,50.0,0.9803921568627451,0.7630814573333397
0.5363219817762257,0.5979578413839781,0.8446175158436685,0.4808156827679564,0.6127888572333017,0.16805622866813108,0.6515982386070801,0.8435690776901703,35755,14245,83611,77432,0.2849,0.5191843172320436,LightGBM,42,3.7,24327,211043,"bytes_src,byte_asymmetry,payload_mean_src,bytes_total,byte_rate,duration,flow_rate,pkt_asymmetry,pkts_total,pkts_src",bot->ton,0,nocat,50.0,0.9803921568627451,0.7630814573333397
0.6258677141625166,0.5879964011475196,0.8145428906447583,0.6599728022950392,0.7291562330632603,0.15403312961635782,0.6111416947647522,0.791985838192017,25801,24199,54759,106284,0.48398,0.34002719770496076,XGBoost,42,1.0,24327,211043,"bytes_src,byte_asymmetry,payload_mean_src,bytes_total,byte_rate,duration,flow_rate,pkt_asymmetry,pkts_total,pkts_src",bot->ton,0,nocat,50.0,0.9803921568627451,0.7630814573333397
0.7727240420198728,0.5546813957762834,0.784044209997488,0.9690827915525667,0.866798299328229,0.20085401050294385,0.44009140962351667,0.7082864175095461,7014,42986,4979,156064,0.85972,0.030917208447433293,MLP(16),42,0.8,24327,211043,"bytes_src,byte_asymmetry,payload_mean_src,bytes_total,byte_rate,duration,flow_rate,pkt_asymmetry,pkts_total,pkts_src",bot->ton,0,nocat,50.0,0.9803921568627451,0.7630814573333397
0.45513473557521456,0.6251317767925336,0.9494641916027405,0.30204355358506735,0.45829446846999633,0.24818894068044986,0.8349628371304559,0.9158858552414929,47411,2589,112401,48642,0.05178,0.6979564464149327,"KAN(cat,1L)",43,1.6,24327,211043,"bytes_src,byte_asymmetry,payload_mean_src,bytes_total,byte_rate,duration,flow_rate,pkt_asymmetry,pkts_total,bytes_dst",bot->ton,0,nocat,50.0,0.9803921568627451,0.7630814573333397
0.39278251351620286,0.4660918296976584,0.7273192171605485,0.32676365939531676,0.4509351100066411,-0.0607492428636842,0.5227306230013102,0.7913013691862555,30271,19729,108420,52623,0.39458,0.6732363406046832,"KAN(cat,ML)",43,7.6,24327,211043,"bytes_src,byte_asymmetry,payload_mean_src,bytes_total,byte_rate,duration,flow_rate,pkt_asymmetry,pkts_total,bytes_dst",bot->ton,0,nocat,50.0,0.9803921568627451,0.7630814573333397
0.3949811175921495,0.50358764429376,0.7674716956926136,0.2971752885875201,0.42844929073728405,0.0066867584283761446,0.588303342958092,0.7937836756912052,35500,14500,113185,47858,0.29,0.7028247114124799,DecisionTree(d=5),43,0.1,24327,211043,"bytes_src,byte_asymmetry,payload_mean_src,bytes_total,byte_rate,duration,flow_rate,pkt_asymmetry,pkts_total,bytes_dst",bot->ton,0,nocat,50.0,0.9803921568627451,0.7630814573333397
0.50246632202916,0.5668932571425023,0.821681131468981,0.44444651428500465,0.5768665046685284,0.11554263302003841,0.6358602558943887,0.8354812508014585,34467,15533,89468,71575,0.31066,0.5555534857149954,LightGBM,43,3.4,24327,211043,"bytes_src,byte_asymmetry,payload_mean_src,bytes_total,byte_rate,duration,flow_rate,pkt_asymmetry,pkts_total,bytes_dst",bot->ton,0,nocat,50.0,0.9803921568627451,0.7630814573333397
0.5694337172993181,0.5505911947119713,0.7956056176651474,0.5864023894239426,0.6751698005290627,0.08672253090437528,0.6122174692473439,0.7794347355540301,25739,24261,66607,94436,0.48522,0.4135976105760573,XGBoost,43,0.9,24327,211043,"bytes_src,byte_asymmetry,payload_mean_src,bytes_total,byte_rate,duration,flow_rate,pkt_asymmetry,pkts_total,bytes_dst",bot->ton,0,nocat,50.0,0.9803921568627451,0.7630814573333397
0.588898944764811,0.553064750656657,0.7952729614348064,0.6211695013133138,0.6975211797929087,0.09196269623149712,0.5139295770694783,0.7080285218892161,24248,25752,61008,100035,0.51504,0.37883049868668617,MLP(16),43,1.1,24327,211043,"bytes_src,byte_asymmetry,payload_mean_src,bytes_total,byte_rate,duration,flow_rate,pkt_asymmetry,pkts_total,bytes_dst",bot->ton,0,nocat,50.0,0.9803921568627451,0.7630814573333397
0.2698786503224461,0.5121847149519072,0.8590749535411935,0.05166942990381451,0.09747611712128577,0.04951601654225105,0.7120056321603546,0.8603211366344913,48635,1365,152722,8321,0.0273,0.9483305700961855,"KAN(cat,1L)",44,1.7,24327,211043,"bytes_src,byte_asymmetry,payload_mean_src,bytes_total,byte_rate,duration,flow_rate,pkt_asymmetry,pkts_total,bytes_dst",bot->ton,0,nocat,50.0,0.9803921568627451,0.7630814573333397
0.3958387627166028,0.5027498724564247,0.766415124314878,0.29955974491284937,0.43075521902959085,0.005111439905517008,0.4438738500897276,0.7576735648685089,35297,14703,112801,48242,0.29406,0.7004402550871507,"KAN(cat,ML)",44,7.5,24327,211043,"bytes_src,byte_asymmetry,payload_mean_src,bytes_total,byte_rate,duration,flow_rate,pkt_asymmetry,pkts_total,bytes_dst",bot->ton,0,nocat,50.0,0.9803921568627451,0.7630814573333397
0.42025084935297546,0.5231792390852132,0.789555612099804,0.32755847817042655,0.46302456836395234,0.042377008948453546,0.5605999861527666,0.7923990911386992,35940,14060,108292,52751,0.2812,0.6724415218295735,DecisionTree(d=5),44,0.1,24327,211043,"bytes_src,byte_asymmetry,payload_mean_src,bytes_total,byte_rate,duration,flow_rate,pkt_asymmetry,pkts_total,bytes_dst",bot->ton,0,nocat,50.0,0.9803921568627451,0.7630814573333397
0.46837374373942753,0.5708322593344635,0.8378498014967285,0.3761045186689269,0.5191613738246462,0.1269273685958317,0.5879603899579615,0.8168314783118473,38278,11722,100474,60569,0.23444,0.6238954813310731,LightGBM,44,3.8,24327,211043,"bytes_src,byte_asymmetry,payload_mean_src,bytes_total,byte_rate,duration,flow_rate,pkt_asymmetry,pkts_total,bytes_dst",bot->ton,0,nocat,50.0,0.9803921568627451,0.7630814573333397
0.7253640253408074,0.6496253306259818,0.8379438088056912,0.7935706612519637,0.8151538152431129,0.2842188812216775,0.6648281104425526,0.8326783242007791,25284,24716,33244,127799,0.49432,0.20642933874803623,XGBoost,44,1.0,24327,211043,"bytes_src,byte_asymmetry,payload_mean_src,bytes_total,byte_rate,duration,flow_rate,pkt_asymmetry,pkts_total,bytes_dst",bot->ton,0,nocat,50.0,0.9803921568627451,0.7630814573333397
0.7013452234852613,0.5375608068652472,0.7794236712166307,0.8488416137304944,0.8126528925865487,0.08524147868100654,0.5333875034618083,0.7355779709604449,11314,38686,24343,136700,0.77372,0.15115838626950567,MLP(16),44,1.0,24327,211043,"bytes_src,byte_asymmetry,payload_mean_src,bytes_total,byte_rate,duration,flow_rate,pkt_asymmetry,pkts_total,bytes_dst",bot->ton,0,nocat,50.0,0.9803921568627451,0.7630814573333397
0.2591825808867986,0.45241731157932674,0.9998222321332775,0.2591323170789889,0.4115895237709644,-0.0024764325524720488,0.5704083670457176,0.9999002789699484,308,169,2717536,950509,0.35429769392033544,0.740867682921011,"KAN(cat,1L)",42,25.1,211043,3668522,"bytes_total,bytes_src,payload_mean_src,byte_asymmetry,byte_rate,pkt_asymmetry,bytes_dst,payload_mean_dst,flow_rate,pkts_total",ton->bot,0,nocat,50.0,0.7630814573333397,0.999869974883618
0.2353819876233535,0.42060191478678943,0.9997822569530104,0.23533380860921826,0.3809885934915285,-0.004268095419000748,0.33394114630317084,0.9998852308522947,289,188,2804830,863215,0.3941299790356394,0.7646661913907817,DecisionTree(d=5),42,2.0,211043,3668522,"bytes_total,bytes_src,payload_mean_src,byte_asymmetry,byte_rate,pkt_asymmetry,bytes_dst,payload_mean_dst,flow_rate,pkts_total",ton->bot,0,nocat,50.0,0.7630814573333397,0.999869974883618
0.23429108507458862,0.39699859480781285,0.9997556562665441,0.23424876194266972,0.3795635109078098,-0.005545730945282613,0.3986384237785651,0.999778057956388,267,210,2808810,859235,0.44025157232704404,0.7657512380573303,LightGBM,42,35.0,211043,3668522,"bytes_total,bytes_src,payload_mean_src,byte_asymmetry,byte_rate,pkt_asymmetry,bytes_dst,payload_mean_dst,flow_rate,pkts_total",ton->bot,0,nocat,50.0,0.7630814573333397,0.999869974883618
0.25896069316198733,0.39046953198922285,0.9997599954525455,0.25892648536209345,0.41132457649121584,-0.005701851523407034,0.44210661085025577,0.9997891338007047,249,228,2718291,949754,0.4779874213836478,0.7410735146379066,XGBoost,42,15.6,211043,3668522,"bytes_total,bytes_src,payload_mean_src,byte_asymmetry,byte_rate,pkt_asymmetry,bytes_dst,payload_mean_dst,flow_rate,pkts_total",ton->bot,0,nocat,50.0,0.7630814573333397,0.999869974883618
0.720133339802787,0.6682495184850368,0.9999307267932864,0.7201468357122118,0.8372842766260962,0.00854619547201847,0.6637964217184648,0.9999034939218882,294,183,1026514,2641531,0.3836477987421384,0.27985316428778817,MLP(16),42,18.3,211043,3668522,"bytes_total,bytes_src,payload_mean_src,byte_asymmetry,byte_rate,pkt_asymmetry,bytes_dst,payload_mean_dst,flow_rate,pkts_total",ton->bot,0,nocat,50.0,0.7630814573333397,0.999869974883618
0.2591820357081135,0.4503208755206265,0.9998201287499474,0.2591323170789889,0.4115893455444955,-0.002585539425771668,0.5478496246692491,0.9998950759797132,306,171,2717536,950509,0.3584905660377358,0.740867682921011,"KAN(cat,1L)",43,27.0,211043,3668522,"bytes_total,bytes_src,byte_asymmetry,payload_mean_src,byte_rate,pkt_asymmetry,bytes_dst,payload_mean_dst,flow_rate,pkts_total",ton->bot,0,nocat,50.0,0.7630814573333397,0.999869974883618
0.23542505673947164,0.42062345214524605,0.9997822967920043,0.2353768833261315,0.38104504230950353,-0.004266667462926858,0.33394674511333566,0.9998852340946909,289,188,2804672,863373,0.3941299790356394,0.7646231166738685,DecisionTree(d=5),43,2.1,211043,3668522,"bytes_total,bytes_src,byte_asymmetry,payload_mean_src,byte_rate,pkt_asymmetry,bytes_dst,payload_mean_dst,flow_rate,pkts_total",ton->bot,0,nocat,50.0,0.7630814573333397,0.999869974883618
0.23839818869833682,0.4032447405355425,0.9997644378985117,0.23835530916332814,0.38493717954390805,-0.00517828077149853,0.43744011574288344,0.9997901835329186,271,206,2793747,874298,0.43186582809224316,0.7616446908366719,LightGBM,43,34.3,211043,3668522,"bytes_total,bytes_src,byte_asymmetry,payload_mean_src,byte_rate,pkt_asymmetry,bytes_dst,payload_mean_dst,flow_rate,pkts_total",ton->bot,0,nocat,50.0,0.7630814573333397,0.999869974883618
0.26223149268288426,0.41097061532555457,0.9997816923004954,0.2621928029781532,0.4154371823697243,-0.0046158806412223375,0.43581382027824517,0.9997945619789752,267,210,2706310,961735,0.44025157232704404,0.7378071970218468,XGBoost,43,15.7,211043,3668522,"bytes_total,bytes_src,byte_asymmetry,payload_mean_src,byte_rate,pkt_asymmetry,bytes_dst,payload_mean_dst,flow_rate,pkts_total",ton->bot,0,nocat,50.0,0.7630814573333397,0.999869974883618
0.7993701550651734,0.7120654050420092,0.9999389576004267,0.7993928645913558,0.8884898914965125,0.012075001231000389,0.6703063893709046,0.9999087271628571,298,179,735836,2932209,0.3752620545073375,0.2006071354086441,MLP(16),43,12.4,211043,3668522,"bytes_total,bytes_src,byte_asymmetry,payload_mean_src,byte_rate,pkt_asymmetry,bytes_dst,payload_mean_dst,flow_rate,pkts_total",ton->bot,0,nocat,50.0,0.7630814573333397,0.999869974883618
0.23623110342530315,0.4849595126323769,0.9998534157590755,0.23616640471968037,0.38208414223495246,-0.0008075443310468545,0.5571256825975364,0.9998969382494797,350,127,2801776,866269,0.2662473794549266,0.7638335952803196,"KAN(cat,1L)",44,26.9,211043,3668522,"bytes_total,bytes_src,payload_mean_src,byte_asymmetry,byte_rate,pkt_asymmetry,bytes_dst,payload_mean_dst,flow_rate,pkts_total",ton->bot,0,nocat,50.0,0.7630814573333397,0.999869974883618
0.2353819876233535,0.42060191478678943,0.9997822569530104,0.23533380860921826,0.3809885934915285,-0.004268095419000748,0.33394114630317084,0.9998852308522947,289,188,2804830,863215,0.3941299790356394,0.7646661913907817,DecisionTree(d=5),44,2.3,211043,3668522,"bytes_total,bytes_src,payload_mean_src,byte_asymmetry,byte_rate,pkt_asymmetry,bytes_dst,payload_mean_dst,flow_rate,pkts_total",ton->bot,0,nocat,50.0,0.7630814573333397,0.999869974883618
0.23770035998148573,0.3903188002001295,0.9997499908253514,0.23766066119690463,0.3840297373597829,-0.005875932886569536,0.36540485854469806,0.9997577081924529,259,218,2796295,871750,0.4570230607966457,0.7623393388030953,LightGBM,44,32.0,211043,3668522,"bytes_total,bytes_src,payload_mean_src,byte_asymmetry,byte_rate,pkt_asymmetry,bytes_dst,payload_mean_dst,flow_rate,pkts_total",ton->bot,0,nocat,50.0,0.7630814573333397,0.999869974883618
0.2582424202444472,0.40792773801585214,0.9997772647477655,0.25820348441744856,0.4104132333829792,-0.004797418743371253,0.44819718812790593,0.99980084928066,266,211,2720943,947102,0.44234800838574423,0.7417965155825514,XGBoost,44,15.6,211043,3668522,"bytes_total,bytes_src,payload_mean_src,byte_asymmetry,byte_rate,pkt_asymmetry,bytes_dst,payload_mean_dst,flow_rate,pkts_total",ton->bot,0,nocat,50.0,0.7630814573333397,0.999869974883618
0.799693446025402,0.6860250286189589,0.9999304614360941,0.7997230132127605,0.8886904205588011,0.010598932711871387,0.665561314311313,0.9998791326003704,273,204,734625,2933420,0.4276729559748428,0.2002769867872395,MLP(16),44,11.1,211043,3668522,"bytes_total,bytes_src,payload_mean_src,byte_asymmetry,byte_rate,pkt_asymmetry,bytes_dst,payload_mean_dst,flow_rate,pkts_total",ton->bot,0,nocat,50.0,0.7630814573333397,0.999869974883618
0.9557914188917056,0.9549324676332702,0.985068900469994,0.9565649352665404,0.9706076930346849,0.8830863919109009,0.9821954748672731,0.993043342093681,9533,467,1399,30810,0.0467,0.043435064733459594,"KAN(cat,1L)",42,7.4,168834,42209,"bytes_total,bytes_src,payload_mean_src,byte_asymmetry,byte_rate,pkt_asymmetry,bytes_dst,payload_mean_dst,flow_rate,pkts_total",ton->ton,1,nocat,50.0,0.7630808960280512,0.7630837025278969
0.971949110379303,0.9661746220000621,0.9859653519626578,0.9771492440001242,0.9815375019491658,0.923343979563777,0.9900667360054644,0.9953465632588255,9552,448,736,31473,0.0448,0.02285075599987581,DecisionTree(d=5),42,0.4,168834,42209,"bytes_total,bytes_src,payload_mean_src,byte_asymmetry,byte_rate,pkt_asymmetry,bytes_dst,payload_mean_dst,flow_rate,pkts_total",ton->ton,1,nocat,50.0,0.7630808960280512,0.7630837025278969
0.9944324670094056,0.9930077416250116,0.9969845809500124,0.9957154832500232,0.9963496279727232,0.9846272292931576,0.9997120882362073,0.999904945352382,9903,97,138,32071,0.0097,0.004284516749976715,LightGBM,42,2.7,168834,42209,"bytes_total,bytes_src,payload_mean_src,byte_asymmetry,byte_rate,pkt_asymmetry,bytes_dst,payload_mean_dst,flow_rate,pkts_total",ton->ton,1,nocat,50.0,0.7630808960280512,0.7630837025278969
0.9933426520410339,0.9889149694184856,0.9939662107803701,0.9973299388369711,0.9956452337781084,0.9815436361757874,0.9996135862647085,0.9998746545882722,9805,195,86,32123,0.0195,0.002670061163028967,XGBoost,42,1.6,168834,42209,"bytes_total,bytes_src,payload_mean_src,byte_asymmetry,byte_rate,pkt_asymmetry,bytes_dst,payload_mean_dst,flow_rate,pkts_total",ton->ton,1,nocat,50.0,0.7630808960280512,0.7630837025278969
0.9787959913762467,0.9646275776956751,0.9808660933660933,0.9915551553913502,0.9861816609797898,0.9408930239738212,0.9941525800242168,0.9978222862969964,9377,623,272,31937,0.0623,0.008444844608649756,MLP(16),42,8.4,168834,42209,"bytes_total,bytes_src,payload_mean_src,byte_asymmetry,byte_rate,pkt_asymmetry,bytes_dst,payload_mean_dst,flow_rate,pkts_total",ton->ton,1,nocat,50.0,0.7630808960280512,0.7630837025278969
0.9549622118505532,0.9551476217827315,0.9857362651452016,0.9547952435654631,0.9700190830665384,0.8814428027885861,0.9815642910366668,0.9931725316832591,9555,445,1456,30753,0.0445,0.04520475643453693,"KAN(cat,1L)",42,7.3,168834,42209,"bytes_total,bytes_src,byte_asymmetry,payload_mean_src,byte_rate,pkt_asymmetry,bytes_dst,payload_mean_dst,flow_rate,pkts_total",ton->ton,2,nocat,50.0,0.7630808960280512,0.7630837025278969
0.9720912601577862,0.9673710081033251,0.9869441044471644,0.9763420162066503,0.9816144337620177,0.9239549922085663,0.9901511487472443,0.9953507847271607,9584,416,762,31447,0.0416,0.023657983793349685,DecisionTree(d=5),42,0.4,168834,42209,"bytes_total,bytes_src,byte_asymmetry,payload_mean_src,byte_rate,pkt_asymmetry,bytes_dst,payload_mean_dst,flow_rate,pkts_total",ton->ton,2,nocat,50.0,0.7630808960280512,0.7630837025278969
0.9940060176739558,0.9922456471793598,0.9965504381875816,0.9955912943587196,0.9960706353767065,0.983442249337224,0.9996443245676675,0.9998754852622675,9889,111,142,32067,0.0111,0.004408705641280387,LightGBM,42,2.8,168834,42209,"bytes_total,bytes_src,byte_asymmetry,payload_mean_src,byte_rate,pkt_asymmetry,bytes_dst,payload_mean_dst,flow_rate,pkts_total",ton->ton,2,nocat,50.0,0.7630808960280512,0.7630837025278969
0.9920633040346846,0.9866976388587041,0.9927343556764778,0.9968952777174082,0.9948104658187845,0.9779855696347699,0.9993650485889037,0.9997770688162188,9765,235,100,32109,0.0235,0.003104722282591822,XGBoost,42,1.7,168834,42209,"bytes_total,bytes_src,byte_asymmetry,payload_mean_src,byte_rate,pkt_asymmetry,bytes_dst,payload_mean_dst,flow_rate,pkts_total",ton->ton,2,nocat,50.0,0.7630808960280512,0.7630837025278969
0.9795304318984103,0.9679358735136142,0.9833163721590032,0.9899717470272285,0.9866328361903584,0.9430565640032127,0.9942595718587972,0.9979403933094054,9459,541,323,31886,0.0541,0.010028252972771585,MLP(16),42,5.0,168834,42209,"bytes_total,bytes_src,byte_asymmetry,payload_mean_src,byte_rate,pkt_asymmetry,bytes_dst,payload_mean_dst,flow_rate,pkts_total",ton->ton,2,nocat,50.0,0.7630808960280512,0.7630837025278969
0.9555308109644862,0.9553478065137073,0.9855917008196722,0.9556956130274147,0.9704134550212008,0.8827142448827615,0.9833222810394611,0.9938106813157987,9550,450,1427,30782,0.045,0.044304386972585305,"KAN(cat,1L)",42,6.6,168834,42209,"bytes_total,payload_mean_src,bytes_src,byte_asymmetry,byte_rate,pkt_asymmetry,bytes_dst,payload_mean_dst,flow_rate,pkts_total",ton->ton,3,nocat,50.0,0.7630808960280512,0.7630837025278969
0.9723992513445,0.9672625275544102,0.9866746096444472,0.9770250551088205,0.9818261235823597,0.9246778597768591,0.9903492579713745,0.9954917214239042,9575,425,740,31469,0.0425,0.022974944891179485,DecisionTree(d=5),42,0.4,168834,42209,"bytes_total,payload_mean_src,bytes_src,byte_asymmetry,byte_rate,pkt_asymmetry,bytes_dst,payload_mean_dst,flow_rate,pkts_total",ton->ton,3,nocat,50.0,0.7630808960280512,0.7630837025278969
0.993698026487242,0.9932849902201248,0.9976630417848129,0.9940699804402496,0.9958632701937732,0.9826683056524962,0.9996957651588066,0.9998939713488822,9925,75,191,32018,0.0075,0.0059300195597503805,LightGBM,42,2.8,168834,42209,"bytes_total,payload_mean_src,bytes_src,byte_asymmetry,byte_rate,pkt_asymmetry,bytes_dst,payload_mean_dst,flow_rate,pkts_total",ton->ton,3,nocat,50.0,0.7630808960280512,0.7630837025278969
0.9934374185600228,0.989459733304356,0.9943952436985198,0.9970194666087119,0.9957056260949103,0.9818119321195581,0.9994556738799714,0.9998081727906667,9819,181,96,32113,0.0181,0.002980533391288149,XGBoost,42,1.7,168834,42209,"bytes_total,payload_mean_src,bytes_src,byte_asymmetry,byte_rate,pkt_asymmetry,bytes_dst,payload_mean_dst,flow_rate,pkts_total",ton->ton,3,nocat,50.0,0.7630808960280512,0.7630837025278969
0.9794356653794215,0.9677358735136142,0.9831950911165244,0.9899717470272285,0.9865717821782178,0.9427881379895657,0.9948402791145332,0.998100902542276,9455,545,323,31886,0.0545,0.010028252972771585,MLP(16),42,8.5,168834,42209,"bytes_total,payload_mean_src,bytes_src,byte_asymmetry,byte_rate,pkt_asymmetry,bytes_dst,payload_mean_dst,flow_rate,pkts_total",ton->ton,3,nocat,50.0,0.7630808960280512,0.7630837025278969
0.955482373009856,0.9541094138102335,0.9845042972618934,0.956718827620467,0.9704127104098761,0.8820936131285068,0.9834178651266766,0.9936212887577767,9515,485,1394,30814,0.0485,0.04328117237953304,"KAN(cat,1L)",42,8.6,168835,42208,"bytes_total,bytes_src,payload_mean_src,byte_asymmetry,byte_rate,pkt_asymmetry,bytes_dst,payload_mean_dst,flow_rate,pkts_total",ton->ton,4,nocat,50.0,0.7630822992862855,0.7630780894617134
0.9725644427596664,0.9664399900645801,0.9858546660824936,0.9780799801291604,0.9819519341666407,0.9249076677428585,0.9892782709264779,0.9944491478209894,9548,452,706,31502,0.0452,0.021920019870839542,DecisionTree(d=5),42,0.4,168835,42208,"bytes_total,bytes_src,payload_mean_src,byte_asymmetry,byte_rate,pkt_asymmetry,bytes_dst,payload_mean_dst,flow_rate,pkts_total",ton->ton,4,nocat,50.0,0.7630822992862855,0.7630780894617134
0.9945034116755117,0.9927094883258818,0.9966759863311587,0.9961189766517635,0.996397403646076,0.9848085221934791,0.9996919942250372,0.9998995818641959,9893,107,125,32083,0.0107,0.003881023348236463,LightGBM,42,2.8,168835,42208,"bytes_total,bytes_src,payload_mean_src,byte_asymmetry,byte_rate,pkt_asymmetry,bytes_dst,payload_mean_dst,flow_rate,pkts_total",ton->ton,4,nocat,50.0,0.7630822992862855,0.7630780894617134
0.9916366565579985,0.9853494038748137,0.991786828048291,0.9972988077496274,0.9945351807415435,0.9767943948290012,0.9992511813835071,0.9997386796473389,9734,266,87,32121,0.0266,0.0027011922503725784,XGBoost,42,1.7,168835,42208,"bytes_total,bytes_src,payload_mean_src,byte_asymmetry,byte_rate,pkt_asymmetry,bytes_dst,payload_mean_dst,flow_rate,pkts_total",ton->ton,4,nocat,50.0,0.7630822992862855,0.7630780894617134
0.9790561031084155,0.9652119225037258,0.9812265716217047,0.9915238450074516,0.9863483336936715,0.9416302116832205,0.9945400583705911,0.9979645174876425,9389,611,273,31935,0.0611,0.008476154992548435,MLP(16),42,9.2,168835,42208,"bytes_total,bytes_src,payload_mean_src,byte_asymmetry,byte_rate,pkt_asymmetry,bytes_dst,payload_mean_dst,flow_rate,pkts_total",ton->ton,4,nocat,50.0,0.7630822992862855,0.7630780894617134
0.9529236163760425,0.9514674863387977,0.9835824239126956,0.9542349726775956,0.9686864707272871,0.8756067497448983,0.9817226232613013,0.99329400830319,9487,513,1474,30734,0.0513,0.045765027322404374,"KAN(cat,1L)",42,7.6,168835,42208,"bytes_total,bytes_src,payload_mean_src,byte_asymmetry,byte_rate,pkt_asymmetry,bytes_dst,payload_mean_dst,flow_rate,pkts_total",ton->ton,5,nocat,50.0,0.7630822992862855,0.7630780894617134
0.9703373768006065,0.9636361649279681,0.9846264637735612,0.9763723298559364,0.9804820253796028,0.9188615932145209,0.9881876800794833,0.9939534623842983,9509,491,761,31447,0.0491,0.023627670144063587,DecisionTree(d=5),42,0.4,168835,42208,"bytes_total,bytes_src,payload_mean_src,byte_asymmetry,byte_rate,pkt_asymmetry,bytes_dst,payload_mean_dst,flow_rate,pkts_total",ton->ton,5,nocat,50.0,0.7630822992862855,0.7630780894617134
0.9941717210007581,0.9923197714853453,0.996520226185298,0.9958395429706905,0.9961797683013945,0.9838943102033172,0.9996124425608545,0.9998676834233311,9888,112,134,32074,0.0112,0.004160457029309488,LightGBM,42,2.8,168835,42208,"bytes_total,bytes_src,payload_mean_src,byte_asymmetry,byte_rate,pkt_asymmetry,bytes_dst,payload_mean_dst,flow_rate,pkts_total",ton->ton,5,nocat,50.0,0.7630822992862855,0.7630780894617134
0.9920631159969674,0.9859046448087432,0.9920343326437988,0.9976092896174863,0.994814000650185,0.9779812425701218,0.9992754129408843,0.9997435689551368,9742,258,77,32131,0.0258,0.0023907103825136613,XGBoost,42,1.7,168835,42208,"bytes_total,bytes_src,payload_mean_src,byte_asymmetry,byte_rate,pkt_asymmetry,bytes_dst,payload_mean_dst,flow_rate,pkts_total",ton->ton,5,nocat,50.0,0.7630822992862855,0.7630780894617134
0.9792219484457922,0.9664238201689022,0.9821785835205762,0.9907476403378043,0.9864445028362985,0.9421360737681551,0.9939592290735222,0.9976074306826311,9421,579,298,31910,0.0579,0.009252359662195727,MLP(16),42,8.7,168835,42208,"bytes_total,bytes_src,payload_mean_src,byte_asymmetry,byte_rate,pkt_asymmetry,bytes_dst,payload_mean_dst,flow_rate,pkts_total",ton->ton,5,nocat,50.0,0.7630822992862855,0.7630780894617134
0.9556018858537279,0.954394562078922,0.9846930623462116,0.9566891241578441,0.9704891184529622,0.8824627416595238,0.9825680803502127,0.993548859389285,9521,479,1395,30814,0.0479,0.04331087584215592,"KAN(cat,1L)",43,9.1,168834,42209,"bytes_total,bytes_src,payload_mean_src,byte_asymmetry,byte_rate,pkt_asymmetry,bytes_dst,payload_mean_dst,flow_rate,pkts_total",ton->ton,1,nocat,50.0,0.7630808960280512,0.7630837025278969
0.9716174275628421,0.9652677636685398,0.9853507371584186,0.9773355273370797,0.9813267660078558,0.9223389170017826,0.9895783104101339,0.9947350600798448,9532,468,730,31479,0.0468,0.022664472662920303,DecisionTree(d=5),43,0.4,168834,42209,"bytes_total,bytes_src,payload_mean_src,byte_asymmetry,byte_rate,pkt_asymmetry,bytes_dst,payload_mean_dst,flow_rate,pkts_total",ton->ton,1,nocat,50.0,0.7630808960280512,0.7630837025278969
0.9942666256011751,0.9923819305163153,0.9965207666739151,0.9959638610326307,0.9962422360248447,0.9841538038671592,0.9996703654258127,0.9998907800094123,9888,112,130,32079,0.0112,0.0040361389673693685,LightGBM,43,2.8,168834,42209,"bytes_total,bytes_src,payload_mean_src,byte_asymmetry,byte_rate,pkt_asymmetry,bytes_dst,payload_mean_dst,flow_rate,pkts_total",ton->ton,1,nocat,50.0,0.7630808960280512,0.7630837025278969
0.9920396124049373,0.9857512527554411,0.9919128314350094,0.997702505510882,0.9947992446521995,0.9779156085325028,0.9992386382688069,0.9997306832748492,9738,262,74,32135,0.0262,0.0022974944891179486,XGBoost,43,1.7,168834,42209,"bytes_total,bytes_src,payload_mean_src,byte_asymmetry,byte_rate,pkt_asymmetry,bytes_dst,payload_mean_dst,flow_rate,pkts_total",ton->ton,1,nocat,50.0,0.7630808960280512,0.7630837025278969
0.9788907578952356,0.9643449082554565,0.9805732875030689,0.9919898165109131,0.9862485145000232,0.9411454271267286,0.994216644416157,0.9979632668627527,9367,633,258,31951,0.0633,0.008010183489086902,MLP(16),43,9.1,168834,42209,"bytes_total,bytes_src,payload_mean_src,byte_asymmetry,byte_rate,pkt_asymmetry,bytes_dst,payload_mean_dst,flow_rate,pkts_total",ton->ton,1,nocat,50.0,0.7630808960280512,0.7630837025278969
0.9547963704423227,0.9537633301251203,0.9845833999680154,0.9557266602502407,0.9699404480574724,0.8805028257983424,0.9811444378900307,0.9919563049537321,9518,482,1426,30783,0.0482,0.04427333974975938,"KAN(cat,1L)",43,7.4,168834,42209,"bytes_total,bytes_src,payload_mean_src,byte_asymmetry,byte_rate,pkt_asymmetry,bytes_dst,payload_mean_dst,flow_rate,pkts_total",ton->ton,2,nocat,50.0,0.7630808960280512,0.7630837025278969
0.9704802293349759,0.9649708233723493,0.9857245944843598,0.9754416467446987,0.9805561624169034,0.9195102964076796,0.9886751777453506,0.9946279842131368,9545,455,791,31418,0.0455,0.024558353255301313,DecisionTree(d=5),43,0.4,168834,42209,"bytes_total,bytes_src,payload_mean_src,byte_asymmetry,byte_rate,pkt_asymmetry,bytes_dst,payload_mean_dst,flow_rate,pkts_total",ton->ton,2,nocat,50.0,0.7630808960280512,0.7630837025278969
0.9933900353005283,0.9922557499456673,0.9969185756972112,0.9944114998913347,0.9956634595955671,0.9817835727193382,0.999577807445124,0.9998576285376003,9901,99,180,32029,0.0099,0.00558850010866528,LightGBM,43,2.7,168834,42209,"bytes_total,bytes_src,payload_mean_src,byte_asymmetry,byte_rate,pkt_asymmetry,bytes_dst,payload_mean_dst,flow_rate,pkts_total",ton->ton,2,nocat,50.0,0.7630808960280512,0.7630837025278969
0.9914947049207515,0.9854631624701171,0.9919678714859438,0.9969263249402341,0.9944409173260658,0.9764006662304929,0.9992378574311528,0.9997370381186284,9740,260,99,32110,0.026,0.003073675059765904,XGBoost,43,1.6,168834,42209,"bytes_total,bytes_src,payload_mean_src,byte_asymmetry,byte_rate,pkt_asymmetry,bytes_dst,payload_mean_dst,flow_rate,pkts_total",ton->ton,2,nocat,50.0,0.7630808960280512,0.7630837025278969
0.9784643085597858,0.9657893026793753,0.9820427524179142,0.9898786053587506,0.9859451101662157,0.9400422714669157,0.9944468937253562,0.9979121400594473,9417,583,326,31883,0.0583,0.01012139464124934,MLP(16),43,9.6,168834,42209,"bytes_total,bytes_src,payload_mean_src,byte_asymmetry,byte_rate,pkt_asymmetry,bytes_dst,payload_mean_dst,flow_rate,pkts_total",ton->ton,2,nocat,50.0,0.7630808960280512,0.7630837025278969
0.955270203037267,0.9541427551305536,0.9846552220197564,0.9562855102611072,0.9702630335485903,0.8816583995915006,0.9826719022633427,0.993458879123409,9520,480,1408,30801,0.048,0.04371448973889286,"KAN(cat,1L)",43,7.7,168834,42209,"bytes_total,bytes_src,payload_mean_src,byte_asymmetry,byte_rate,pkt_asymmetry,bytes_dst,payload_mean_dst,flow_rate,pkts_total",ton->ton,3,nocat,50.0,0.7630808960280512,0.7630837025278969
0.9719017271198086,0.9664193858859325,0.98620819358681,0.976838771771865,0.9815011230346893,0.9232820199291631,0.9899250209568756,0.99532871517509,9560,440,746,31463,0.044,0.023161228228134993,DecisionTree(d=5),43,0.3,168834,42209,"bytes_total,bytes_src,payload_mean_src,byte_asymmetry,byte_rate,pkt_asymmetry,bytes_dst,payload_mean_dst,flow_rate,pkts_total",ton->ton,3,nocat,50.0,0.7630808960280512,0.7630837025278969
0.9950247577530859,0.9938785013505542,0.9974195554173791,0.9960570027011084,0.9967378134029267,0.9862649697843223,0.9997379024496259,0.9999149626853452,9917,83,127,32082,0.0083,0.003942997298891614,LightGBM,43,2.7,168834,42209,"bytes_total,bytes_src,payload_mean_src,byte_asymmetry,byte_rate,pkt_asymmetry,bytes_dst,payload_mean_dst,flow_rate,pkts_total",ton->ton,3,nocat,50.0,0.7630808960280512,0.7630837025278969
0.9921817621834206,0.986016776366854,0.9920661871391967,0.997733552733708,0.9948917990155104,0.9783111798138105,0.9993389145890901,0.9997668092659784,9743,257,73,32136,0.0257,0.00226644726629203,XGBoost,43,1.7,168834,42209,"bytes_total,bytes_src,payload_mean_src,byte_asymmetry,byte_rate,pkt_asymmetry,bytes_dst,payload_mean_dst,flow_rate,pkts_total",ton->ton,3,nocat,50.0,0.7630808960280512,0.7630837025278969
0.9746736478002321,0.9604095082119904,0.9794604914700992,0.9875190164239809,0.9834732464480621,0.92945213468199,0.9907918594181749,0.9965329607191575,9333,667,402,31807,0.0667,0.012480983576019126,MLP(16),43,2.8,168834,42209,"bytes_total,bytes_src,payload_mean_src,byte_asymmetry,byte_rate,pkt_asymmetry,bytes_dst,payload_mean_dst,flow_rate,pkts_total",ton->ton,3,nocat,50.0,0.7630808960280512,0.7630837025278969
0.9580411296436695,0.9566134376552409,0.9852992761248764,0.9593268753104819,0.972139632199097,0.8885555941738821,0.9833317343517138,0.9933062488141366,9539,461,1310,30898,0.0461,0.040673124689518135,"KAN(cat,1L)",43,8.3,168835,42208,"bytes_total,bytes_src,payload_mean_src,byte_asymmetry,byte_rate,pkt_asymmetry,bytes_dst,payload_mean_dst,flow_rate,pkts_total",ton->ton,4,nocat,50.0,0.7630822992862855,0.7630780894617134
0.9728250568612585,0.9670934177844015,0.9862854995772928,0.9779868355688028,0.9821186374620001,0.9256828080174296,0.9896434596994537,0.9947381321470585,9562,438,709,31499,0.0438,0.02201316443119722,DecisionTree(d=5),43,0.3,168835,42208,"bytes_total,bytes_src,payload_mean_src,byte_asymmetry,byte_rate,pkt_asymmetry,bytes_dst,payload_mean_dst,flow_rate,pkts_total",ton->ton,4,nocat,50.0,0.7630822992862855,0.7630780894617134
0.9944086429112965,0.9928542473919524,0.996860819295083,0.9958084947839047,0.9963343791743033,0.9845568565239465,0.9996549863387978,0.9998748412394978,9899,101,135,32073,0.0101,0.00419150521609538,LightGBM,43,2.8,168835,42208,"bytes_total,bytes_src,payload_mean_src,byte_asymmetry,byte_rate,pkt_asymmetry,bytes_dst,payload_mean_dst,flow_rate,pkts_total",ton->ton,4,nocat,50.0,0.7630822992862855,0.7630780894617134
0.9931766489764974,0.9885304520615996,0.9937202252057168,0.9973609041231992,0.9955372361855765,0.9810815432940654,0.9994291666666666,0.9997993601228846,9797,203,85,32123,0.0203,0.002639095876800795,XGBoost,43,1.7,168835,42208,"bytes_total,bytes_src,payload_mean_src,byte_asymmetry,byte_rate,pkt_asymmetry,bytes_dst,payload_mean_dst,flow_rate,pkts_total",ton->ton,4,nocat,50.0,0.7630822992862855,0.7630780894617134
0.9801459438968916,0.9674429706905117,0.9825559931085405,0.9915859413810233,0.9870503152429225,0.9447060773000119,0.9952450353949329,0.998283621571269,9433,567,271,31937,0.0567,0.008414058618976651,MLP(16),43,13.3,168835,42208,"bytes_total,bytes_src,payload_mean_src,byte_asymmetry,byte_rate,pkt_asymmetry,bytes_dst,payload_mean_dst,flow_rate,pkts_total",ton->ton,4,nocat,50.0,0.7630822992862855,0.7630780894617134
0.9557666793025019,0.9550886487829111,0.9852230929154006,0.9563772975658221,0.9705859184220063,0.883101172551486,0.9829205740809736,0.9936113314250581,9538,462,1405,30803,0.0462,0.043622702434177846,"KAN(cat,1L)",43,7.5,168835,42208,"bytes_total,bytes_src,payload_mean_src,byte_asymmetry,byte_rate,pkt_asymmetry,payload_mean_dst,bytes_dst,flow_rate,pkts_total",ton->ton,5,nocat,50.0,0.7630822992862855,0.7630780894617134
0.9727065959059894,0.9672916045702931,0.9865271337260308,0.9775832091405862,0.9820348075603518,0.9254346067395355,0.9906232038623944,0.9954572021537869,9570,430,722,31486,0.043,0.02241679085941381,DecisionTree(d=5),43,0.4,168835,42208,"bytes_total,bytes_src,payload_mean_src,byte_asymmetry,byte_rate,pkt_asymmetry,payload_mean_dst,bytes_dst,flow_rate,pkts_total",ton->ton,5,nocat,50.0,0.7630822992862855,0.7630780894617134
0.994337566338135,0.9927387232985594,0.9967987567987568,0.9957774465971188,0.9962878399577528,0.9843598341573132,0.9996804163561848,0.9998924027579447,9897,103,136,32072,0.0103,0.004222553402881272,LightGBM,43,2.8,168835,42208,"bytes_total,bytes_src,payload_mean_src,byte_asymmetry,byte_rate,pkt_asymmetry,payload_mean_dst,bytes_dst,flow_rate,pkts_total",ton->ton,5,nocat,50.0,0.7630822992862855,0.7630780894617134
0.9918972706595905,0.986140735221063,0.9923366911810148,0.9970814704421261,0.9947034226420939,0.9775214486519499,0.9993154682066567,0.9997610588329655,9752,248,94,32114,0.0248,0.00291852955787382,XGBoost,43,1.8,168835,42208,"bytes_total,bytes_src,payload_mean_src,byte_asymmetry,byte_rate,pkt_asymmetry,payload_mean_dst,bytes_dst,flow_rate,pkts_total",ton->ton,5,nocat,50.0,0.7630822992862855,0.7630780894617134
0.9815911675511751,0.970734302036761,0.9846125381602886,0.9913686040735221,0.9879790213035877,0.948797909578207,0.9953885416666667,0.9983206103839972,9501,499,278,31930,0.0499,0.008631395926477894,MLP(16),43,12.2,168835,42208,"bytes_total,bytes_src,payload_mean_src,byte_asymmetry,byte_rate,pkt_asymmetry,payload_mean_dst,bytes_dst,flow_rate,pkts_total",ton->ton,5,nocat,50.0,0.7630822992862855,0.7630780894617134
0.955388661186003,0.9548754245707721,0.9852470558115719,0.9558508491415443,0.9703263627338198,0.8822159157498354,0.9822688705020336,0.9932322689146896,9539,461,1422,30787,0.0461,0.044149150858455714,"KAN(cat,1L)",44,7.2,168834,42209,"bytes_total,bytes_src,payload_mean_src,byte_asymmetry,byte_rate,pkt_asymmetry,bytes_dst,payload_mean_dst,flow_rate,pkts_total",ton->ton,1,nocat,50.0,0.7630808960280512,0.7630837025278969
0.9721149517875335,0.9667659567201714,0.9863949843260188,0.9769319134403428,0.9816406432794147,0.9238770491616279,0.9903748765872895,0.9954421131499198,9566,434,743,31466,0.0434,0.02306808655965724,DecisionTree(d=5),44,0.4,168834,42209,"bytes_total,bytes_src,payload_mean_src,byte_asymmetry,byte_rate,pkt_asymmetry,bytes_dst,payload_mean_dst,flow_rate,pkts_total",ton->ton,1,nocat,50.0,0.7630808960280512,0.7630837025278969
0.9948826079746026,0.9935785013505543,0.997233533306394,0.9960570027011084,0.9966449207828518,0.9858684656925557,0.999701813157813,0.999901392305514,9911,89,127,32082,0.0089,0.003942997298891614,LightGBM,44,2.8,168834,42209,"bytes_total,bytes_src,payload_mean_src,byte_asymmetry,byte_rate,pkt_asymmetry,bytes_dst,payload_mean_dst,flow_rate,pkts_total",ton->ton,1,nocat,50.0,0.7630808960280512,0.7630837025278969
0.9919685375156957,0.9859460166413114,0.9921247683755404,0.9973920332826228,0.9947514282617783,0.9777178703593234,0.999334224906082,0.9997625327664427,9745,255,84,32125,0.0255,0.0026079667173771305,XGBoost,44,1.8,168834,42209,"bytes_total,bytes_src,payload_mean_src,byte_asymmetry,byte_rate,pkt_asymmetry,bytes_dst,payload_mean_dst,flow_rate,pkts_total",ton->ton,1,nocat,50.0,0.7630808960280512,0.7630837025278969
0.9790802909332132,0.9663308221304605,0.9821758404137422,0.9905616442609209,0.9863509189556829,0.9417446930757426,0.9944509314166848,0.9979457349857237,9421,579,304,31905,0.0579,0.009438355739079139,MLP(16),44,6.8,168834,42209,"bytes_total,bytes_src,payload_mean_src,byte_asymmetry,byte_rate,pkt_asymmetry,bytes_dst,payload_mean_dst,flow_rate,pkts_total",ton->ton,1,nocat,50.0,0.7630808960280512,0.7630837025278969
0.952237674429624,0.9530176425843708,0.9853711860592226,0.9515352851687416,0.9681576952236542,0.8748906140229349,0.9805820904095128,0.9928143844449688,9545,455,1561,30648,0.0455,0.048464714831258346,"KAN(cat,1L)",44,6.7,168834,42209,"bytes_total,bytes_src,payload_mean_src,byte_asymmetry,byte_rate,pkt_asymmetry,bytes_dst,payload_mean_dst,flow_rate,pkts_total",ton->ton,2,nocat,50.0,0.7630808960280512,0.7630837025278969
0.9722807931957639,0.9669090983886491,0.9864284594891083,0.9771181967772983,0.9817512555760053,0.9243121327528535,0.9899986665217796,0.9951028337859001,9567,433,737,31472,0.0433,0.022881803222701728,DecisionTree(d=5),44,0.4,168834,42209,"bytes_total,bytes_src,payload_mean_src,byte_asymmetry,byte_rate,pkt_asymmetry,bytes_dst,payload_mean_dst,flow_rate,pkts_total",ton->ton,2,nocat,50.0,0.7630808960280512,0.7630837025278969
0.9937217181169893,0.9923006985625136,0.9967653645185369,0.9950013971250272,0.9958825997110051,0.9826771253937815,0.9995336148281535,0.9998199924260629,9896,104,161,32048,0.0104,0.004998602874972833,LightGBM,44,2.9,168834,42209,"bytes_total,bytes_src,payload_mean_src,byte_asymmetry,byte_rate,pkt_asymmetry,bytes_dst,payload_mean_dst,flow_rate,pkts_total",ton->ton,2,nocat,50.0,0.7630808960280512,0.7630837025278969
0.9914236300315099,0.9853821152472911,0.9919367295869504,0.9968642304945823,0.9943943757936139,0.9762031299622087,0.999094254711416,0.9996548313416661,9739,261,101,32108,0.0261,0.0031357695054177403,XGBoost,44,1.7,168834,42209,"bytes_total,bytes_src,payload_mean_src,byte_asymmetry,byte_rate,pkt_asymmetry,bytes_dst,payload_mean_dst,flow_rate,pkts_total",ton->ton,2,nocat,50.0,0.7630808960280512,0.7630837025278969
0.9798621147148713,0.9662570027011084,0.9816902706522073,0.9921140054022167,0.9868746139592341,0.943883112147509,0.993542738054581,0.9974145610537498,9404,596,254,31955,0.0596,0.007885994597783228,MLP(16),44,7.6,168834,42209,"bytes_total,bytes_src,payload_mean_src,byte_asymmetry,byte_rate,pkt_asymmetry,bytes_dst,payload_mean_dst,flow_rate,pkts_total",ton->ton,2,nocat,50.0,0.7630808960280512,0.7630837025278969
0.9554597360752446,0.9544738023533794,0.9848450938389232,0.956347604706759,0.9703871719749236,0.882196059617801,0.9823424042969356,0.9932904092328949,9526,474,1406,30803,0.0474,0.04365239529324102,"KAN(cat,1L)",44,6.9,168834,42209,"bytes_total,bytes_src,payload_mean_src,byte_asymmetry,byte_rate,pkt_asymmetry,bytes_dst,payload_mean_dst,flow_rate,pkts_total",ton->ton,3,nocat,50.0,0.7630808960280512,0.7630837025278969
0.9714515861546116,0.9655038622745196,0.9856516290726817,0.9768077245490391,0.9812097490994713,0.9219850522346253,0.9892639293365209,0.9945519065623545,9542,458,747,31462,0.0458,0.023192275450960913,DecisionTree(d=5),44,0.4,168834,42209,"bytes_total,bytes_src,payload_mean_src,byte_asymmetry,byte_rate,pkt_asymmetry,bytes_dst,payload_mean_dst,flow_rate,pkts_total",ton->ton,3,nocat,50.0,0.7630808960280512,0.7630837025278969
0.9939823260442086,0.9921956471793598,0.9965194692190559,0.9955912943587196,0.9960551655587998,0.9833760945937907,0.9997345400353937,0.9999118551067303,9888,112,142,32067,0.0112,0.004408705641280387,LightGBM,44,2.8,168834,42209,"bytes_total,bytes_src,payload_mean_src,byte_asymmetry,byte_rate,pkt_asymmetry,bytes_dst,payload_mean_dst,flow_rate,pkts_total",ton->ton,3,nocat,50.0,0.7630808960280512,0.7630837025278969
0.9912814802530266,0.9841857291440281,0.9909643198569094,0.9976714582880561,0.9943065783773748,0.9758057800470655,0.9992546151696732,0.9997357916112088,9707,293,75,32134,0.0293,0.0023285417119438667,XGBoost,44,1.7,168834,42209,"bytes_total,bytes_src,payload_mean_src,byte_asymmetry,byte_rate,pkt_asymmetry,bytes_dst,payload_mean_dst,flow_rate,pkts_total",ton->ton,3,nocat,50.0,0.7630808960280512,0.7630837025278969
0.9791039825629605,0.9645880499239343,0.9806671372019516,0.9921760998478686,0.9863880486449781,0.9417416636856872,0.9946974199757832,0.9981014697754271,9370,630,252,31957,0.063,0.007823900152131393,MLP(16),44,10.6,168834,42209,"bytes_total,bytes_src,payload_mean_src,byte_asymmetry,byte_rate,pkt_asymmetry,bytes_dst,payload_mean_dst,flow_rate,pkts_total",ton->ton,3,nocat,50.0,0.7630808960280512,0.7630837025278969
0.956027293404094,0.9548457029309488,0.9848562300319489,0.9570914058618977,0.970775335390817,0.8835502155756841,0.9821729352955788,0.992317446825377,9526,474,1382,30826,0.0474,0.042908594138102336,"KAN(cat,1L)",44,7.3,168835,42208,"bytes_total,payload_mean_src,bytes_src,byte_asymmetry,byte_rate,pkt_asymmetry,bytes_dst,payload_mean_dst,flow_rate,pkts_total",ton->ton,4,nocat,50.0,0.7630822992862855,0.7630780894617134
0.9719484457922669,0.9664845504222553,0.9862391072660022,0.9768691008445107,0.9815317423178911,0.9234111513021901,0.9890027881271733,0.9943632806894496,9561,439,745,31463,0.0439,0.02313089915548932,DecisionTree(d=5),44,0.4,168835,42208,"bytes_total,payload_mean_src,bytes_src,byte_asymmetry,byte_rate,pkt_asymmetry,bytes_dst,payload_mean_dst,flow_rate,pkts_total",ton->ton,4,nocat,50.0,0.7630822992862855,0.7630780894617134
0.9938637225170583,0.9925661450571286,0.9969203969266184,0.9950322901142573,0.995975448683086,0.9830726946687464,0.9996803076875309,0.9998922257244661,9901,99,160,32048,0.0099,0.004967709885742673,LightGBM,44,2.8,168835,42208,"bytes_total,payload_mean_src,bytes_src,byte_asymmetry,byte_rate,pkt_asymmetry,bytes_dst,payload_mean_dst,flow_rate,pkts_total",ton->ton,4,nocat,50.0,0.7630822992862855,0.7630780894617134
0.9930581880212282,0.9889354942871336,0.9941473384324776,0.9967709885742673,0.9954574347684532,0.9807603160168716,0.9994800018628912,0.9998200484113127,9811,189,104,32104,0.0189,0.003229011425732737,XGBoost,44,1.8,168835,42208,"bytes_total,payload_mean_src,bytes_src,byte_asymmetry,byte_rate,pkt_asymmetry,bytes_dst,payload_mean_dst,flow_rate,pkts_total",ton->ton,4,nocat,50.0,0.7630822992862855,0.7630780894617134
0.9778951857467779,0.9635893442622951,0.9804590284818877,0.9907786885245902,0.9855918461894835,0.9383801155893354,0.9937656638102335,0.9977263889158546,9364,636,297,31911,0.0636,0.009221311475409836,MLP(16),44,8.6,168835,42208,"bytes_total,payload_mean_src,bytes_src,byte_asymmetry,byte_rate,pkt_asymmetry,bytes_dst,payload_mean_dst,flow_rate,pkts_total",ton->ton,4,nocat,50.0,0.7630822992862855,0.7630780894617134
0.9767195262401102,0.988358239879827,1.0,0.976716479759654,0.9882211129017465,0.07388328833752186,0.9970622335944626,0.9999996100553413,96,0,17081,716528,0.0,0.023283520240346016,"KAN(cat,1L)",42,3.3,19431,733705,"bytes_src,byte_asymmetry,payload_mean_src,bytes_total,byte_rate,flow_rate,duration,pkt_asymmetry,pkts_total,pkts_src",bot->bot,1,nocat,50.0,0.9803921568627451,0.9998691572225895
0.9882186982506593,0.9941085782753483,1.0,0.9882171565506966,0.9940736637290943,0.10418521563360574,0.9997223202914177,0.9999999611502393,96,0,8644,724965,0.0,0.011782843449303375,"KAN(cat,ML)",42,8.5,19431,733705,"bytes_src,byte_asymmetry,payload_mean_src,bytes_total,byte_rate,flow_rate,duration,pkt_asymmetry,pkts_total,pkts_src",bot->bot,1,nocat,50.0,0.9803921568627451,0.9998691572225895
0.9843983617393912,0.9869905082839314,0.9999986152729851,0.9843976832345296,0.9921368235294926,0.0895321051672228,0.9940340963306066,0.9999984743892583,95,1,11446,722163,0.010416666666666666,0.015602316765470435,DecisionTree(d=5),42,0.3,19431,733705,"bytes_src,byte_asymmetry,payload_mean_src,bytes_total,byte_rate,flow_rate,duration,pkt_asymmetry,pkts_total,pkts_src",bot->bot,1,nocat,50.0,0.9803921568627451,0.9998691572225895
0.9901745251838273,0.9898789679402333,0.999998623351808,0.9901746025471334,0.9950623659684755,0.1128879446162314,0.999602372483162,0.9999999409589531,95,1,7208,726401,0.010416666666666666,0.009825397452866582,LightGBM,42,7.7,19431,733705,"bytes_src,byte_asymmetry,payload_mean_src,bytes_total,byte_rate,flow_rate,duration,pkt_asymmetry,pkts_total,pkts_src",bot->bot,1,nocat,50.0,0.9803921568627451,0.9998691572225895
0.9997301367715907,0.9686191401005168,0.9999918191821091,0.9997382802010335,0.9998650336188986,0.5469103516011276,0.9996628327101585,0.9999999492064662,90,6,192,733417,0.0625,0.0002617197989664794,XGBoost,42,2.6,19431,733705,"bytes_src,byte_asymmetry,payload_mean_src,bytes_total,byte_rate,flow_rate,duration,pkt_asymmetry,pkts_total,pkts_src",bot->bot,1,nocat,50.0,0.9803921568627451,0.9998691572225895
0.9998609795490013,0.7812091062814115,0.9999427473892127,0.999918212562823,0.999930479825518,0.5161166797269964,0.97118865005064,0.9999719522255806,54,42,60,733549,0.4375,8.178743717702481e-05,MLP(16),42,1.2,19431,733705,"bytes_src,byte_asymmetry,payload_mean_src,bytes_total,byte_rate,flow_rate,duration,pkt_asymmetry,pkts_total,pkts_src",bot->bot,1,nocat,50.0,0.9803921568627451,0.9998691572225895
0.9753116034373488,0.9824465345867712,0.9999986023701007,0.9753097358402092,0.9874998792358876,0.07094341623248585,0.9965318221854785,0.9999995389589476,95,1,18113,715496,0.010416666666666666,0.024690264159790844,"KAN(cat,1L)",42,3.1,19431,733705,"bytes_src,byte_asymmetry,payload_mean_src,byte_rate,bytes_total,duration,flow_rate,pkt_asymmetry,pkts_total,bytes_dst",bot->bot,2,nocat,50.0,0.9803921568627451,0.9998691572225895
0.989640250509401,0.9896117956454551,0.999998622608504,0.9896402579575768,0.9947924766668562,0.10994467410996606,0.9993349233038309,0.9999999102301766,95,1,7600,726009,0.010416666666666666,0.010359742042423143,"KAN(cat,ML)",42,7.7,19431,733705,"bytes_src,byte_asymmetry,payload_mean_src,byte_rate,bytes_total,duration,flow_rate,pkt_asymmetry,pkts_total,bytes_dst",bot->bot,2,nocat,50.0,0.9803921568627451,0.9998691572225895
0.9846164330350754,0.9923072099715243,1.0,0.9846144199430487,0.9922475721720329,0.09112558817584075,0.9989564292195616,0.9999997933875828,96,0,11287,722322,0.0,0.015385580056951318,DecisionTree(d=5),42,0.3,19431,733705,"bytes_src,byte_asymmetry,payload_mean_src,byte_rate,bytes_total,duration,flow_rate,pkt_asymmetry,pkts_total,bytes_dst",bot->bot,2,nocat,50.0,0.9803921568627451,0.9998691572225895
0.9898160704915463,0.9792844135977067,0.9999958685823591,0.9898188271954134,0.9948813223068028,0.10855799894142547,0.9994315489132041,0.9999999200644186,93,3,7469,726140,0.03125,0.010181172804586639,LightGBM,42,6.4,19431,733705,"bytes_src,byte_asymmetry,payload_mean_src,byte_rate,bytes_total,duration,flow_rate,pkt_asymmetry,pkts_total,bytes_dst",bot->bot,2,nocat,50.0,0.9803921568627451,0.9998691572225895
0.9997464921187671,0.9738349706155913,0.9999931827447088,0.999753274564516,0.9998732142638043,0.5630673850655622,0.9996797865643233,0.9999999528550979,91,5,181,733428,0.052083333333333336,0.00024672543548402487,XGBoost,42,2.6,19431,733705,"bytes_src,byte_asymmetry,payload_mean_src,byte_rate,bytes_total,duration,flow_rate,pkt_asymmetry,pkts_total,bytes_dst",bot->bot,2,nocat,50.0,0.9803921568627451,0.9998691572225895
0.999841898310629,0.8228607785845957,0.9999536507529708,0.9998882238358581,0.9999209362241595,0.5272466928044351,0.9666188905920365,0.9999915396495405,62,34,82,733527,0.3541666666666667,0.00011177616414193391,MLP(16),42,1.4,19431,733705,"bytes_src,byte_asymmetry,payload_mean_src,byte_rate,bytes_total,duration,flow_rate,pkt_asymmetry,pkts_total,bytes_dst",bot->bot,2,nocat,50.0,0.9803921568627451,0.9998691572225895
0.9767099538778581,0.9830909926132313,0.999998604371388,0.9767083010159363,0.9882162451418216,0.07269654600679452,0.9964665746581913,0.9999995321428982,94,1,17087,716522,0.010526315789473684,0.02329169898406372,"KAN(cat,1L)",42,3.6,19482,733704,"bytes_src,byte_asymmetry,payload_mean_src,byte_rate,bytes_total,duration,flow_rate,pkt_asymmetry,pkts_total,pkts_src",bot->bot,3,nocat,50.0,0.9803921568627451,0.9998705199917133
0.9896824877607319,0.9790531468398016,0.9999958680247092,0.9896852410480242,0.9948138394441423,0.10726054930370378,0.9993201598643076,0.9999999079465453,92,3,7567,726042,0.031578947368421054,0.01031475895197578,"KAN(cat,ML)",42,9.4,19482,733704,"bytes_src,byte_asymmetry,payload_mean_src,byte_rate,bytes_total,duration,flow_rate,pkt_asymmetry,pkts_total,pkts_src",bot->bot,3,nocat,50.0,0.9803921568627451,0.9998705199917133
0.9852174718960235,0.9715578734721084,0.9999944657436449,0.9852210101021116,0.9925527678215851,0.08857049884181989,0.9774660903187278,0.9999942458385728,91,4,10842,722767,0.042105263157894736,0.014778989897888384,DecisionTree(d=5),42,0.3,19482,733704,"bytes_src,byte_asymmetry,payload_mean_src,byte_rate,bytes_total,duration,flow_rate,pkt_asymmetry,pkts_total,pkts_src",bot->bot,3,nocat,50.0,0.9803921568627451,0.9998705199917133
0.99044437538844,0.9794341399846512,0.9999958712035717,0.9904472273377235,0.9951986456770348,0.11144870168174192,0.9992696740576922,0.9999998940838871,92,3,7008,726601,0.031578947368421054,0.009552772662276499,LightGBM,42,6.5,19482,733704,"bytes_src,byte_asymmetry,payload_mean_src,byte_rate,bytes_total,duration,flow_rate,pkt_asymmetry,pkts_total,pkts_src",bot->bot,3,nocat,50.0,0.9803921568627451,0.9998705199917133
0.9998023726189308,0.9420139338530471,0.9999850031220773,0.9998173413903046,0.9999011652278823,0.583627735434317,0.9991138689898699,0.9999998736154971,84,11,134,733475,0.11578947368421053,0.00018265860969535544,XGBoost,42,2.6,19482,733704,"bytes_src,byte_asymmetry,payload_mean_src,byte_rate,bytes_total,duration,flow_rate,pkt_asymmetry,pkts_total,pkts_src",bot->bot,3,nocat,50.0,0.9803921568627451,0.9998705199917133
0.9998691570442576,0.7315482770794797,0.9999304812469756,0.9999386594221172,0.9999345703178247,0.4784500153097539,0.9596330140299174,0.9999531898222629,44,51,45,733564,0.5368421052631579,6.134057788276861e-05,MLP(16),42,1.2,19482,733704,"bytes_src,byte_asymmetry,payload_mean_src,byte_rate,bytes_total,duration,flow_rate,pkt_asymmetry,pkts_total,pkts_src",bot->bot,3,nocat,50.0,0.9803921568627451,0.9998705199917133
0.9749681070295378,0.9874824327400564,1.0,0.9749648654801127,0.9873237570158995,0.0708318645614152,0.9969214060752714,0.9999995948820484,95,0,18366,715243,0.0,0.025035134519887297,"KAN(cat,1L)",42,3.3,19482,733704,"bytes_src,byte_asymmetry,payload_mean_src,bytes_total,byte_rate,duration,flow_rate,pkt_asymmetry,pkts_total,bytes_dst",bot->bot,4,nocat,50.0,0.9803921568627451,0.9998705199917133
0.9884503832608246,0.9889619674785888,0.999998620950248,0.9884502507466512,0.9941909009519135,0.1035797330769262,0.9994652249502478,0.9999999286859057,94,1,8473,725136,0.010526315789473684,0.011549749253348856,"KAN(cat,ML)",42,8.0,19482,733704,"bytes_src,byte_asymmetry,payload_mean_src,bytes_total,byte_rate,duration,flow_rate,pkt_asymmetry,pkts_total,bytes_dst",bot->bot,4,nocat,50.0,0.9803921568627451,0.9998705199917133
0.9843928886853553,0.986932957474622,0.9999986152653152,0.9843922307387177,0.992134054235253,0.08904272043798278,0.9933120690779564,0.9999983687838437,94,1,11450,722159,0.010526315789473684,0.015607769261282236,DecisionTree(d=5),42,0.4,19482,733704,"bytes_src,byte_asymmetry,payload_mean_src,bytes_total,byte_rate,duration,flow_rate,pkt_asymmetry,pkts_total,bytes_dst",bot->bot,4,nocat,50.0,0.9803921568627451,0.9998705199917133
0.989779257030083,0.989626490405652,0.999998622801992,0.9897792966007778,0.9948627169164519,0.1101055278809055,0.9994404232686407,0.9999999167653612,94,1,7498,726111,0.010526315789473684,0.010220703399222202,LightGBM,42,6.7,19482,733704,"bytes_src,byte_asymmetry,payload_mean_src,bytes_total,byte_rate,duration,flow_rate,pkt_asymmetry,pkts_total,bytes_dst",bot->bot,4,nocat,50.0,0.9803921568627451,0.9998705199917133
0.9997873801969186,0.9525313893368266,0.9999877295762205,0.9997996207789163,0.9998936663303978,0.577967473814679,0.9992445208335919,0.9999998932144634,86,9,147,733462,0.09473684210526316,0.00020037922108371081,XGBoost,42,2.7,19482,733704,"bytes_src,byte_asymmetry,payload_mean_src,bytes_total,byte_rate,duration,flow_rate,pkt_asymmetry,pkts_total,bytes_dst",bot->bot,4,nocat,50.0,0.9803921568627451,0.9998705199917133
0.9998078244087534,0.8946543731061096,0.9999727337670482,0.999835062001693,0.9999038931455364,0.5495542616641459,0.9899111465587112,0.9999984733925893,75,20,121,733488,0.21052631578947367,0.00016493799830700004,MLP(16),42,1.8,19482,733704,"bytes_src,byte_asymmetry,payload_mean_src,bytes_total,byte_rate,duration,flow_rate,pkt_asymmetry,pkts_total,bytes_dst",bot->bot,4,nocat,50.0,0.9803921568627451,0.9998705199917133
0.9750308026124976,0.9875137845909743,1.0,0.9750275691819484,0.987355907731255,0.07092255763314272,0.9968429762276203,0.9999995841818949,95,0,18320,715289,0.0,0.024972430818051578,"KAN(cat,1L)",42,3.2,19482,733704,"bytes_src,byte_asymmetry,payload_mean_src,bytes_total,byte_rate,duration,flow_rate,pkt_asymmetry,pkts_total,bytes_dst",bot->bot,5,nocat,50.0,0.9803921568627451,0.9998705199917133
0.9887938460196483,0.9943961974294209,1.0,0.9887923948588417,0.9943646178605013,0.10627497479234865,0.9997501393794243,0.9999999648967527,95,0,8222,725387,0.0,0.011207605141158301,"KAN(cat,ML)",42,8.0,19482,733704,"bytes_src,byte_asymmetry,payload_mean_src,bytes_total,byte_rate,duration,flow_rate,pkt_asymmetry,pkts_total,bytes_dst",bot->bot,5,nocat,50.0,0.9803921568627451,0.9998705199917133
0.984480117322517,0.9922390537738768,1.0,0.9844781075477537,0.9921783503717121,0.09025183959051428,0.9988821522665416,0.9999997890793988,95,0,11387,722222,0.0,0.01552189245224636,DecisionTree(d=5),42,0.3,19482,733704,"bytes_src,byte_asymmetry,payload_mean_src,bytes_total,byte_rate,duration,flow_rate,pkt_asymmetry,pkts_total,bytes_dst",bot->bot,5,nocat,50.0,0.9803921568627451,0.9998705199917133
0.98902827298202,0.9945134260893747,1.0,0.9890268521787492,0.9944831575253843,0.1074039613872199,0.9996427252119318,0.9999999463209748,95,0,8050,725559,0.0,0.01097314782125083,LightGBM,42,6.8,19482,733704,"bytes_src,byte_asymmetry,payload_mean_src,bytes_total,byte_rate,duration,flow_rate,pkt_asymmetry,pkts_total,bytes_dst",bot->bot,5,nocat,50.0,0.9803921568627451,0.9998705199917133
0.9998023726189308,0.9630638391840884,0.999990456428141,0.9998118888944928,0.999901164688938,0.600505827270778,0.9995651491103357,0.999999934765272,88,7,138,733471,0.07368421052631578,0.00018811110550715708,XGBoost,42,2.9,19482,733704,"bytes_src,byte_asymmetry,payload_mean_src,bytes_total,byte_rate,duration,flow_rate,pkt_asymmetry,pkts_total,bytes_dst",bot->bot,5,nocat,50.0,0.9803921568627451,0.9998705199917133
0.9977402331185328,0.94098273058264,0.9999849721232887,0.9977549348494906,0.9988687088132906,0.2068471974946328,0.9881526879620589,0.9999953433838901,84,11,1647,731962,0.11578947368421053,0.002245065150509331,MLP(16),42,1.9,19482,733704,"bytes_src,byte_asymmetry,payload_mean_src,bytes_total,byte_rate,duration,flow_rate,pkt_asymmetry,pkts_total,bytes_dst",bot->bot,5,nocat,50.0,0.9803921568627451,0.9998705199917133
