accuracy,balanced_accuracy,precision,recall,f1,mcc,roc_auc,pr_auc,tn,fp,fn,tp,fpr,fnr,model,seed,dst,fit_seconds,n_train,n_test,features,unseen_proto_h,unseen_state_h,ratio,variant,n_normal,n_attack,n_per_domain,n_joint,train_pool_ton_normal,train_pool_bot_normal,train_pool_ton_attack,train_pool_bot_attack
0.9778483261863583,0.9662475984973145,0.9827724606359988,0.9882951969946289,0.9855260917351661,0.9384175478709461,0.9758699757831661,0.9853949748779671,9442,558,377,31832,0.0558,0.01170480300537117,DecisionTree(d=5),42,ton,0.5,38964,42209,"bytes_src,bytes_total,payload_mean_src,byte_asymmetry,byte_rate,flow_rate,pkt_asymmetry,duration,pkts_total,bytes_dst",0.0,0.0,50.0,cat,382,19100,19482,38964,40000,382,128834,2934435
0.9967602783134911,0.9878549767228967,0.9999972649086412,0.9967625850247407,0.9983773049335528,0.1917403441471276,0.9795772025721396,0.9999948847696006,93,2,2375,731235,0.021052631578947368,0.003237414975259334,DecisionTree(d=5),42,bot,5.1,38964,733705,"bytes_src,bytes_total,payload_mean_src,byte_asymmetry,byte_rate,flow_rate,pkt_asymmetry,duration,pkts_total,bytes_dst",0.0,0.0,50.0,cat,382,19100,19482,38964,40000,382,128834,2934435
0.935345542419863,0.9426388354186719,0.985667215815486,0.9287776708373436,0.9563771799421347,0.8374613033785359,0.9832122589959328,0.9900164662825839,9565,435,2294,29915,0.0435,0.0712223291626564,"KAN(cat,1L)",42,ton,6.9,38964,42209,"bytes_src,bytes_total,payload_mean_src,byte_asymmetry,byte_rate,flow_rate,pkt_asymmetry,duration,pkts_total,bytes_dst",0.0,0.0,50.0,cat,382,19100,19482,38964,40000,382,128834,2934435
0.9933597290464151,0.9914169582432657,0.9999986277684771,0.993360232276005,0.9966683762437173,0.1364044781767124,0.9976633217563613,0.9999996934480273,94,1,4871,728739,0.010526315789473684,0.006639767723995038,"KAN(cat,1L)",42,bot,21.9,38964,733705,"bytes_src,bytes_total,payload_mean_src,byte_asymmetry,byte_rate,flow_rate,pkt_asymmetry,duration,pkts_total,bytes_dst",0.0,0.0,50.0,cat,382,19100,19482,38964,40000,382,128834,2934435
0.9868037622308039,0.9787349902201248,0.9886981225296443,0.9940699804402496,0.9913767745730961,0.9633459195508023,0.9950435545965414,0.9974721623218266,9634,366,191,32018,0.0366,0.0059300195597503805,"KAN(cat,ML)",42,ton,116.0,38964,42209,"bytes_src,bytes_total,payload_mean_src,byte_asymmetry,byte_rate,flow_rate,pkt_asymmetry,duration,pkts_total,bytes_dst",0.0,0.0,50.0,cat,382,19100,19482,38964,40000,382,128834,2934435
0.9964100012947983,0.9929422918673984,0.999998631969772,0.9964108995242704,0.9982015420036215,0.18434262923927355,0.9998549996807423,0.9999999794921479,94,1,2633,730977,0.010526315789473684,0.003589100475729611,"KAN(cat,ML)",42,bot,132.5,38964,733705,"bytes_src,bytes_total,payload_mean_src,byte_asymmetry,byte_rate,flow_rate,pkt_asymmetry,duration,pkts_total,bytes_dst",0.0,0.0,50.0,cat,382,19100,19482,38964,40000,382,128834,2934435
0.9898125992086996,0.9811891583097891,0.9891635624788351,0.9975783166195784,0.993353119396525,0.9717157708775165,0.9971428870812507,0.9988250047035293,9648,352,78,32131,0.0352,0.0024216833804216213,LightGBM,42,ton,6.4,38964,42209,"bytes_src,bytes_total,payload_mean_src,byte_asymmetry,byte_rate,flow_rate,pkt_asymmetry,duration,pkts_total,bytes_dst",0.0,0.0,50.0,cat,382,19100,19482,38964,40000,382,128834,2934435
0.9968270626477944,0.9878883732142204,0.9999972650919066,0.9968293780073881,0.9984108086853948,0.19367935248538098,0.9998201683240557,0.9999999732105519,93,2,2326,731284,0.021052631578947368,0.0031706219926118783,LightGBM,42,bot,29.1,38964,733705,"bytes_src,bytes_total,payload_mean_src,byte_asymmetry,byte_rate,flow_rate,pkt_asymmetry,duration,pkts_total,bytes_dst",0.0,0.0,50.0,cat,382,19100,19482,38964,40000,382,128834,2934435
0.9750764055059348,0.9482274333260889,0.9690482642338843,0.999254866652178,0.9839197823362171,0.930761206349295,0.9968586156043343,0.9986822266850209,8972,1028,24,32185,0.1028,0.0007451333478220373,XGBoost,42,ton,3.5,38964,42209,"bytes_src,bytes_total,payload_mean_src,byte_asymmetry,byte_rate,flow_rate,pkt_asymmetry,duration,pkts_total,bytes_dst",0.0,0.0,50.0,cat,382,19100,19482,38964,40000,382,128834,2934435
0.999897779080148,0.9788989775866856,0.9999945470136038,0.9999032183312659,0.9999488805870962,0.733496479401042,0.9998816307818796,0.9999999811975167,91,4,71,733539,0.042105263157894736,9.678166873406851e-05,XGBoost,42,bot,11.8,38964,733705,"bytes_src,bytes_total,payload_mean_src,byte_asymmetry,byte_rate,flow_rate,pkt_asymmetry,duration,pkts_total,bytes_dst",0.0,0.0,50.0,cat,382,19100,19482,38964,40000,382,128834,2934435
0.9417659740813571,0.880513162470117,0.9315616931155531,0.9969263249402341,0.9631362668346382,0.8361871286513846,0.9915351252755441,0.9966612009051307,7641,2359,99,32110,0.2359,0.003073675059765904,MLP(16),42,ton,10.5,38964,42209,"bytes_src,bytes_total,payload_mean_src,byte_asymmetry,byte_rate,flow_rate,pkt_asymmetry,duration,pkts_total,bytes_dst",0.0,0.0,50.0,cat,382,19100,19482,38964,40000,382,128834,2934435
0.9998732460593835,0.9473118514856955,0.9999863674225022,0.9998868608661278,0.9999366116687693,0.6727739565023669,0.9994562290733854,0.9999999259598641,85,10,83,733527,0.10526315789473684,0.00011313913387222093,MLP(16),42,bot,17.5,38964,733705,"bytes_src,bytes_total,payload_mean_src,byte_asymmetry,byte_rate,flow_rate,pkt_asymmetry,duration,pkts_total,bytes_dst",0.0,0.0,50.0,cat,382,19100,19482,38964,40000,382,128834,2934435
0.935345542419863,0.9432594104132386,0.9862439796793561,0.9282188208264771,0.9563520624410217,0.8378624638192986,0.9841133891148437,0.9910851380890068,9583,417,2312,29897,0.0417,0.07178117917352293,"KAN(cat,1L)",43,ton,6.2,38964,42209,"bytes_src,byte_asymmetry,payload_mean_src,bytes_total,byte_rate,flow_rate,duration,pkt_asymmetry,pkts_total,bytes_dst",0.0,0.0,50.0,cat,382,19100,19482,38964,40000,382,128834,2934435
0.9953673479123081,0.9766334686650515,0.9999945221912878,0.9953722004879977,0.9976780074721843,0.1577315962950455,0.9972854499630165,0.9999996442553148,91,4,3395,730215,0.042105263157894736,0.00462779951200229,"KAN(cat,1L)",43,bot,19.8,38964,733705,"bytes_src,byte_asymmetry,payload_mean_src,bytes_total,byte_rate,flow_rate,duration,pkt_asymmetry,pkts_total,bytes_dst",0.0,0.0,50.0,cat,382,19100,19482,38964,40000,382,128834,2934435
0.9884858679428558,0.9813541277282747,0.9900515957611147,0.9949082554565494,0.9924739841427156,0.9680335570218257,0.9953996895277718,0.9974570419824769,9678,322,164,32045,0.0322,0.005091744543450588,"KAN(cat,ML)",43,ton,112.7,38964,42209,"bytes_src,byte_asymmetry,payload_mean_src,bytes_total,byte_rate,flow_rate,duration,pkt_asymmetry,pkts_total,bytes_dst",0.0,0.0,50.0,cat,382,19100,19482,38964,40000,382,128834,2934435
0.9968284255933925,0.9773641021078889,0.9999945302212115,0.9968334673736726,0.9984114967496097,0.18969698541430532,0.999183418121919,0.9999998893467056,91,4,2323,731287,0.042105263157894736,0.00316653262632734,"KAN(cat,ML)",43,bot,127.7,38964,733705,"bytes_src,byte_asymmetry,payload_mean_src,bytes_total,byte_rate,flow_rate,duration,pkt_asymmetry,pkts_total,bytes_dst",0.0,0.0,50.0,cat,382,19100,19482,38964,40000,382,128834,2934435
0.977469260110403,0.9648270235027476,0.9817520498119722,0.9888540470054954,0.9852902507308472,0.9372934478017577,0.9825797168493278,0.9904021255632409,9408,592,359,31850,0.0592,0.01114595299450464,DecisionTree(d=5),43,ton,0.6,38964,42209,"bytes_src,byte_asymmetry,payload_mean_src,bytes_total,byte_rate,flow_rate,duration,pkt_asymmetry,pkts_total,bytes_dst",0.0,0.0,50.0,cat,382,19100,19482,38964,40000,382,128834,2934435
0.996441349043553,0.9771705387704208,0.9999945280961742,0.9964463406987364,0.9982172813779985,0.17939746460898456,0.9912758679321222,0.9999978153279195,91,4,2607,731003,0.042105263157894736,0.003553659301263614,DecisionTree(d=5),43,bot,5.0,38964,733705,"bytes_src,byte_asymmetry,payload_mean_src,bytes_total,byte_rate,flow_rate,duration,pkt_asymmetry,pkts_total,bytes_dst",0.0,0.0,50.0,cat,382,19100,19482,38964,40000,382,128834,2934435
0.9891255419460304,0.9790496305380483,0.9876812484639961,0.9981992610760967,0.9929124009820726,0.969815613617196,0.9972452497749077,0.9988877284224742,9599,401,58,32151,0.0401,0.001800738923903257,LightGBM,43,ton,6.1,38964,42209,"bytes_src,byte_asymmetry,payload_mean_src,bytes_total,byte_rate,flow_rate,duration,pkt_asymmetry,pkts_total,bytes_dst",0.0,0.0,50.0,cat,382,19100,19482,38964,40000,382,128834,2934435
0.996859773342147,0.9826422543456691,0.9999958977837092,0.9968634560597592,0.9984272200158097,0.19263139125728337,0.9997427573377222,0.9999999632310465,92,3,2301,731309,0.031578947368421054,0.003136543940240727,LightGBM,43,bot,26.6,38964,733705,"bytes_src,byte_asymmetry,payload_mean_src,bytes_total,byte_rate,flow_rate,duration,pkt_asymmetry,pkts_total,bytes_dst",0.0,0.0,50.0,cat,382,19100,19482,38964,40000,382,128834,2934435
0.9849558151105214,0.9690429569375019,0.9813403256296116,0.9992859138750039,0.9902318211884874,0.9582739182833506,0.9976187664938372,0.9990463942645456,9388,612,23,32186,0.0612,0.0007140861249961191,XGBoost,43,ton,2.4,38964,42209,"bytes_src,byte_asymmetry,payload_mean_src,bytes_total,byte_rate,flow_rate,duration,pkt_asymmetry,pkts_total,bytes_dst",0.0,0.0,50.0,cat,382,19100,19482,38964,40000,382,128834,2934435
0.9989082805759808,0.9784041642662564,0.9999945416113436,0.9989135916904077,0.9994537743781313,0.31312310886570904,0.9998747003821765,0.9999999803357533,91,4,797,732813,0.042105263157894736,0.0010864083095922903,XGBoost,43,bot,9.5,38964,733705,"bytes_src,byte_asymmetry,payload_mean_src,bytes_total,byte_rate,flow_rate,duration,pkt_asymmetry,pkts_total,bytes_dst",0.0,0.0,50.0,cat,382,19100,19482,38964,40000,382,128834,2934435
0.954038238290412,0.9081369818994691,0.9470916664204898,0.9953739637989382,0.9706327580986982,0.8709387830356274,0.9905942857586388,0.9967300075825868,8209,1791,149,32060,0.1791,0.004626036201061815,MLP(16),43,ton,7.4,38964,42209,"bytes_src,byte_asymmetry,payload_mean_src,bytes_total,byte_rate,flow_rate,duration,pkt_asymmetry,pkts_total,bytes_dst",0.0,0.0,50.0,cat,382,19100,19482,38964,40000,382,128834,2934435
0.9988837475552164,0.9626044671663346,0.9999904476634303,0.9988931448589851,0.999441495074723,0.30075909906776926,0.997438779675706,0.9999996388444057,88,7,812,732798,0.07368421052631578,0.0011068551410149806,MLP(16),43,bot,13.4,38964,733705,"bytes_src,byte_asymmetry,payload_mean_src,bytes_total,byte_rate,flow_rate,duration,pkt_asymmetry,pkts_total,bytes_dst",0.0,0.0,50.0,cat,382,19100,19482,38964,40000,382,128834,2934435
0.9371934895401455,0.94422891738334,0.9860553838058278,0.9308578347666802,0.9576619021001358,0.8416850107162049,0.9840254385420225,0.9917170430380635,9576,424,2227,29982,0.0424,0.06914216523331988,"KAN(cat,1L)",44,ton,6.6,38964,42209,"bytes_src,byte_asymmetry,bytes_total,payload_mean_src,byte_rate,flow_rate,pkt_asymmetry,duration,bytes_dst,pkts_total",0.0,0.0,50.0,cat,382,19100,19482,38964,40000,382,128834,2934435
0.9954777465057483,0.9556387697751351,0.9999890457176972,0.9954880658660596,0.9977334796074644,0.15273701113632548,0.9967806786769681,0.99999957408318,87,8,3310,730300,0.08421052631578947,0.0045119341339403774,"KAN(cat,1L)",44,bot,20.8,38964,733705,"bytes_src,byte_asymmetry,bytes_total,payload_mean_src,byte_rate,flow_rate,pkt_asymmetry,duration,bytes_dst,pkts_total",0.0,0.0,50.0,cat,382,19100,19482,38964,40000,382,128834,2934435
0.9886990926105806,0.9804940249619671,0.9891780230622187,0.9960880499239343,0.9926210107822966,0.9686078147882945,0.9954691825266229,0.997887124597634,9649,351,126,32083,0.0351,0.003911950076065696,"KAN(cat,ML)",44,ton,103.6,38964,42209,"bytes_src,byte_asymmetry,bytes_total,payload_mean_src,byte_rate,flow_rate,pkt_asymmetry,duration,bytes_dst,pkts_total",0.0,0.0,50.0,cat,382,19100,19482,38964,40000,382,128834,2934435
0.9968147961374122,0.9931447154984829,0.9999986325253838,0.9968157467864397,0.9984046529249736,0.19532386222995385,0.9997951729694323,0.9999999695863772,94,1,2336,731274,0.010526315789473684,0.0031842532135603384,"KAN(cat,ML)",44,bot,119.2,38964,733705,"bytes_src,byte_asymmetry,bytes_total,payload_mean_src,byte_rate,flow_rate,pkt_asymmetry,duration,bytes_dst,pkts_total",0.0,0.0,50.0,cat,382,19100,19482,38964,40000,382,128834,2934435
0.9770665024047004,0.9623221568505698,0.9798187682383659,0.9903443137011394,0.9850534247421407,0.9360538348317723,0.978206987177497,0.987910631067427,9343,657,311,31898,0.0657,0.009655686298860567,DecisionTree(d=5),44,ton,0.7,38964,42209,"bytes_src,byte_asymmetry,bytes_total,payload_mean_src,byte_rate,flow_rate,pkt_asymmetry,duration,bytes_dst,pkts_total",0.0,0.0,50.0,cat,382,19100,19482,38964,40000,382,128834,2934435
0.9964195419139845,0.9824221101273515,0.9999958959710749,0.996423167623124,0.9982063349763314,0.180772065353106,0.9871678986181528,0.9999964092894704,92,3,2624,730986,0.031578947368421054,0.003576832376875997,DecisionTree(d=5),44,bot,6.2,38964,733705,"bytes_src,byte_asymmetry,bytes_total,payload_mean_src,byte_rate,flow_rate,pkt_asymmetry,duration,bytes_dst,pkts_total",0.0,0.0,50.0,cat,382,19100,19482,38964,40000,382,128834,2934435
0.9910445639555545,0.9827203902635909,0.9898131905333456,0.9985407805271819,0.9941578312880591,0.9751593786349997,0.9966961284113137,0.9984959504201493,9669,331,47,32162,0.0331,0.0014592194728181565,LightGBM,44,ton,5.9,38964,42209,"bytes_src,byte_asymmetry,bytes_total,payload_mean_src,byte_rate,flow_rate,pkt_asymmetry,duration,bytes_dst,pkts_total",0.0,0.0,50.0,cat,382,19100,19482,38964,40000,382,128834,2934435
0.9967943519534418,0.9931344920827716,0.9999986324973333,0.9967952999550169,0.9983943967724098,0.19472174775875378,0.9997882353954022,0.999999964806122,94,1,2351,731259,0.010526315789473684,0.003204700044983029,LightGBM,44,bot,23.4,38964,733705,"bytes_src,byte_asymmetry,bytes_total,payload_mean_src,byte_rate,flow_rate,pkt_asymmetry,duration,bytes_dst,pkts_total",0.0,0.0,50.0,cat,382,19100,19482,38964,40000,382,128834,2934435
0.9832974010282167,0.9654395277717408,0.9791628642696356,0.9993790555434816,0.989167678195535,0.9536707071213758,0.9978004734701481,0.9990527392334567,9315,685,20,32189,0.0685,0.0006209444565183645,XGBoost,44,ton,2.5,38964,42209,"bytes_src,byte_asymmetry,bytes_total,payload_mean_src,byte_rate,flow_rate,pkt_asymmetry,duration,bytes_dst,pkts_total",0.0,0.0,50.0,cat,382,19100,19482,38964,40000,382,128834,2934435
0.9998596166034033,0.9525675122089107,0.9999877304795337,0.9998718665230845,0.9999297951449594,0.6576034481224035,0.9997852652241008,0.9999999644180796,86,9,94,733516,0.09473684210526316,0.00012813347691552733,XGBoost,44,bot,10.1,38964,733705,"bytes_src,byte_asymmetry,bytes_total,payload_mean_src,byte_rate,flow_rate,pkt_asymmetry,duration,bytes_dst,pkts_total",0.0,0.0,50.0,cat,382,19100,19482,38964,40000,382,128834,2934435
0.8845033049823497,0.7577669610978298,0.8694183154935669,0.9986339221956596,0.9295571129253667,0.6662306675872173,0.9848051429724612,0.9932797223337986,5169,4831,44,32165,0.4831,0.0013660778043404018,MLP(16),44,ton,4.3,38964,42209,"bytes_src,byte_asymmetry,bytes_total,payload_mean_src,byte_rate,flow_rate,pkt_asymmetry,duration,bytes_dst,pkts_total",0.0,0.0,50.0,cat,382,19100,19482,38964,40000,382,128834,2934435
0.9968883951997056,0.8563571351191189,0.9999630835364878,0.9969247965540273,0.9984416286516435,0.14431782653108666,0.9450238367008427,0.9999652067656334,68,27,2256,731354,0.28421052631578947,0.003075203445972656,MLP(16),44,bot,10.4,38964,733705,"bytes_src,byte_asymmetry,bytes_total,payload_mean_src,byte_rate,flow_rate,pkt_asymmetry,duration,bytes_dst,pkts_total",0.0,0.0,50.0,cat,382,19100,19482,38964,40000,382,128834,2934435
0.9338055864862944,0.9409057965165016,0.9849638935601939,0.9274115930330032,0.9553217346808238,0.8336906391370024,0.9822125617063553,0.9905428974581529,9544,456,2338,29871,0.0456,0.0725884069669968,"KAN(cat,1L)",45,ton,6.1,38964,42209,"bytes_src,bytes_total,byte_asymmetry,payload_mean_src,byte_rate,flow_rate,duration,pkt_asymmetry,pkts_total,bytes_dst",0.0,0.0,50.0,cat,382,19100,19482,38964,40000,382,128834,2934435
0.9932575081265631,0.9913658411647088,0.9999986276272361,0.9932579981188915,0.9966169154228856,0.13537864361496693,0.9972450441543944,0.9999996383064037,94,1,4946,728664,0.010526315789473684,0.006742001881108491,"KAN(cat,1L)",45,bot,20.5,38964,733705,"bytes_src,bytes_total,byte_asymmetry,payload_mean_src,byte_rate,flow_rate,duration,pkt_asymmetry,pkts_total,bytes_dst",0.0,0.0,50.0,cat,382,19100,19482,38964,40000,382,128834,2934435
0.9860456300788931,0.9752387888478375,0.9860726803172847,0.9957775776956751,0.9909013671120723,0.9611921206033956,0.9960085240150269,0.9983973485508221,9547,453,136,32073,0.0453,0.004222422304324878,"KAN(cat,ML)",45,ton,104.9,38964,42209,"bytes_src,bytes_total,byte_asymmetry,payload_mean_src,byte_rate,flow_rate,duration,pkt_asymmetry,pkts_total,bytes_dst",0.0,0.0,50.0,cat,382,19100,19482,38964,40000,382,128834,2934435
0.9966171690256983,0.9877834128129173,0.9999972645158467,0.9966194572047818,0.9983055036313563,0.18777322194885138,0.9998399551174114,0.999999977056961,93,2,2480,731130,0.021052631578947368,0.0033805427952181676,"KAN(cat,ML)",45,bot,119.9,38964,733705,"bytes_src,bytes_total,byte_asymmetry,payload_mean_src,byte_rate,flow_rate,duration,pkt_asymmetry,pkts_total,bytes_dst",0.0,0.0,50.0,cat,382,19100,19482,38964,40000,382,128834,2934435
0.9819706697623729,0.9730513971250272,0.9864196003217225,0.9900027942500543,0.9882079491748663,0.9499627233576544,0.9808059176006706,0.9903222705009388,9561,439,322,31887,0.0439,0.009997205749945667,DecisionTree(d=5),45,ton,0.6,38964,42209,"bytes_src,bytes_total,byte_asymmetry,payload_mean_src,byte_rate,flow_rate,duration,pkt_asymmetry,pkts_total,bytes_dst",0.0,0.0,50.0,cat,382,19100,19482,38964,40000,382,128834,2934435
0.9966185319712964,0.9667341890392069,0.9999917936485575,0.9966262728152561,0.9983061967528952,0.17998423017828563,0.9877474479125938,0.9999968805983218,89,6,2475,731135,0.06315789473684211,0.0033737271847439376,DecisionTree(d=5),45,bot,5.3,38964,733705,"bytes_src,bytes_total,byte_asymmetry,payload_mean_src,byte_rate,flow_rate,duration,pkt_asymmetry,pkts_total,bytes_dst",0.0,0.0,50.0,cat,382,19100,19482,38964,40000,382,128834,2934435
0.98794096045867,0.9765496305380483,0.9861664928531992,0.9981992610760967,0.9921463949021,0.9665197583638051,0.998093011270142,0.9993262679374428,9549,451,58,32151,0.0451,0.001800738923903257,LightGBM,45,ton,6.2,38964,42209,"bytes_src,bytes_total,byte_asymmetry,payload_mean_src,byte_rate,flow_rate,duration,pkt_asymmetry,pkts_total,bytes_dst",0.0,0.0,50.0,cat,382,19100,19482,38964,40000,382,128834,2934435
0.9966498797200509,0.9930622466117448,0.9999986322990779,0.9966508090129633,0.9983219139738552,0.190619142005646,0.999869829014269,0.9999999788016765,94,1,2457,731153,0.010526315789473684,0.003349190987036709,LightGBM,45,bot,25.5,38964,733705,"bytes_src,bytes_total,byte_asymmetry,payload_mean_src,byte_rate,flow_rate,duration,pkt_asymmetry,pkts_total,bytes_dst",0.0,0.0,50.0,cat,382,19100,19482,38964,40000,382,128834,2934435
0.9837001587339194,0.9663929569375019,0.979757085020243,0.9992859138750039,0.9894251460190593,0.9547832298051921,0.9974129482442796,0.9989379479333228,9335,665,23,32186,0.0665,0.0007140861249961191,XGBoost,45,ton,2.4,38964,42209,"bytes_src,bytes_total,byte_asymmetry,payload_mean_src,byte_rate,flow_rate,duration,pkt_asymmetry,pkts_total,bytes_dst",0.0,0.0,50.0,cat,382,19100,19482,38964,40000,382,128834,2934435
0.9998255429634526,0.9683379021837933,0.9999918199739876,0.9998336991044288,0.9999127532881105,0.6285563459978488,0.9998424517831431,0.9999999752498862,89,6,122,733488,0.06315789473684211,0.0001663008955712163,XGBoost,45,bot,9.4,38964,733705,"bytes_src,bytes_total,byte_asymmetry,payload_mean_src,byte_rate,flow_rate,duration,pkt_asymmetry,pkts_total,bytes_dst",0.0,0.0,50.0,cat,382,19100,19482,38964,40000,382,128834,2934435
0.9433770049041673,0.8837752569157689,0.9333023336917667,0.9970505138315378,0.9641238103815786,0.8408378643605846,0.9923286100158341,0.997351608091082,7705,2295,95,32114,0.2295,0.002949486168462231,MLP(16),45,ton,8.5,38964,42209,"bytes_src,bytes_total,byte_asymmetry,payload_mean_src,byte_rate,flow_rate,duration,pkt_asymmetry,pkts_total,bytes_dst",0.0,0.0,50.0,cat,382,19100,19482,38964,40000,382,128834,2934435
0.9998105505618743,0.9525429760112034,0.9999877298773396,0.9998227941276701,0.9999052552009101,0.6002892554402215,0.9995424214357407,0.999999936279916,86,9,130,733480,0.09473684210526316,0.0001772058723299846,MLP(16),45,bot,11.2,38964,733705,"bytes_src,bytes_total,byte_asymmetry,payload_mean_src,byte_rate,flow_rate,duration,pkt_asymmetry,pkts_total,bytes_dst",0.0,0.0,50.0,cat,382,19100,19482,38964,40000,382,128834,2934435
0.9344926437489635,0.942666084013785,0.9861955085865257,0.9271321680275699,0.9557522123893806,0.8360166181500434,0.985122083889596,0.9922188948775917,9582,418,2347,29862,0.0418,0.07286783197243006,"KAN(cat,1L)",46,ton,2.5,38964,42209,"bytes_src,byte_asymmetry,bytes_total,payload_mean_src,byte_rate,flow_rate,duration,pkt_asymmetry,pkts_total,bytes_dst",0.0,0.0,50.0,cat,382,19100,19482,38964,40000,382,128834,2934435
0.9933256554064644,0.9808749665497012,0.9999958831867977,0.9933288804678235,0.9966512323834102,0.1331988284802701,0.9976045137994589,0.9999996864533998,92,3,4894,728716,0.031578947368421054,0.006671119532176497,"KAN(cat,1L)",46,bot,9.3,38964,733705,"bytes_src,byte_asymmetry,bytes_total,payload_mean_src,byte_rate,flow_rate,duration,pkt_asymmetry,pkts_total,bytes_dst",0.0,0.0,50.0,cat,382,19100,19482,38964,40000,382,128834,2934435
0.9883674097941197,0.9802077416250117,0.989113002714039,0.9957154832500232,0.9924032614918076,0.9676851204780267,0.9966797680772455,0.9986959869523162,9647,353,138,32071,0.0353,0.004284516749976715,"KAN(cat,ML)",46,ton,90.0,38964,42209,"bytes_src,byte_asymmetry,bytes_total,payload_mean_src,byte_rate,flow_rate,duration,pkt_asymmetry,pkts_total,bytes_dst",0.0,0.0,50.0,cat,382,19100,19482,38964,40000,382,128834,2934435
0.9968202479198043,0.9984099180763621,1.0,0.9968198361527242,0.9984073856891351,0.19749031260468755,0.9998170690148717,0.9999999749034907,95,0,2333,731277,0.0,0.0031801638472758005,"KAN(cat,ML)",46,bot,105.2,38964,733705,"bytes_src,byte_asymmetry,bytes_total,payload_mean_src,byte_rate,flow_rate,duration,pkt_asymmetry,pkts_total,bytes_dst",0.0,0.0,50.0,cat,382,19100,19482,38964,40000,382,128834,2934435
0.9627804496671326,0.9607875593778137,0.986348339577116,0.9645751187556273,0.9753402294881254,0.9004567595809772,0.9790116271849483,0.9890574009488247,9570,430,1141,31068,0.043,0.035424881244372694,DecisionTree(d=5),46,ton,0.6,38964,42209,"bytes_src,byte_asymmetry,bytes_total,payload_mean_src,byte_rate,flow_rate,duration,pkt_asymmetry,pkts_total,bytes_dst",0.0,0.0,50.0,cat,382,19100,19482,38964,40000,382,128834,2934435
0.9968011666814319,0.9878754235543193,0.9999972650208474,0.996803478687586,0.9983978177007353,0.19292056387884143,0.9843403242365261,0.9999959032953722,93,2,2345,731265,0.021052631578947368,0.003196521312413953,DecisionTree(d=5),46,bot,6.2,38964,733705,"bytes_src,byte_asymmetry,bytes_total,payload_mean_src,byte_rate,flow_rate,duration,pkt_asymmetry,pkts_total,bytes_dst",0.0,0.0,50.0,cat,382,19100,19482,38964,40000,382,128834,2934435
0.988509559572603,0.9780943944239189,0.9871920879660913,0.9978887888478376,0.992511618571186,0.9680933810706267,0.9972221180415413,0.9988795651719347,9583,417,68,32141,0.0417,0.002111211152162439,LightGBM,46,ton,5.7,38964,42209,"bytes_src,byte_asymmetry,bytes_total,payload_mean_src,byte_rate,flow_rate,duration,pkt_asymmetry,pkts_total,bytes_dst",0.0,0.0,50.0,cat,382,19100,19482,38964,40000,382,128834,2934435
0.9968624992333431,0.9931685701351427,0.9999986325908301,0.9968634560597592,0.9984285831308194,0.19675070434420558,0.9998838404745387,0.9999999821606723,94,1,2301,731309,0.010526315789473684,0.003136543940240727,LightGBM,46,bot,24.2,38964,733705,"bytes_src,byte_asymmetry,bytes_total,payload_mean_src,byte_rate,flow_rate,duration,pkt_asymmetry,pkts_total,bytes_dst",0.0,0.0,50.0,cat,382,19100,19482,38964,40000,382,128834,2934435
0.9825866521358004,0.9639740041603279,0.9782991915385083,0.9993480083206557,0.988711584832056,0.9516916495539973,0.9972373963798936,0.9987577591054838,9286,714,21,32188,0.0714,0.0006519916793442826,XGBoost,46,ton,2.7,38964,42209,"bytes_src,byte_asymmetry,bytes_total,payload_mean_src,byte_rate,flow_rate,duration,pkt_asymmetry,pkts_total,bytes_dst",0.0,0.0,50.0,cat,382,19100,19482,38964,40000,382,128834,2934435
0.9999114085361283,0.9736433168634704,0.9999931838785094,0.9999182126743092,0.9999556968711767,0.7539002078626736,0.9999130830306365,0.9999999859623814,90,5,60,733550,0.05263157894736842,8.178732569076213e-05,XGBoost,46,bot,10.1,38964,733705,"bytes_src,byte_asymmetry,bytes_total,payload_mean_src,byte_rate,flow_rate,duration,pkt_asymmetry,pkts_total,bytes_dst",0.0,0.0,50.0,cat,382,19100,19482,38964,40000,382,128834,2934435
0.9412210665971712,0.8791218277500077,0.9307656639425027,0.9971436555000155,0.9628119613280371,0.8346802700259537,0.9914979601974604,0.9968164292734353,7611,2389,92,32117,0.2389,0.0028563444999844764,MLP(16),46,ton,10.4,38964,42209,"bytes_src,byte_asymmetry,bytes_total,payload_mean_src,byte_rate,flow_rate,duration,pkt_asymmetry,pkts_total,bytes_dst",0.0,0.0,50.0,cat,382,19100,19482,38964,40000,382,128834,2934435
0.9998800607873737,0.9420527829572432,0.9999850043078534,0.9998950395986969,0.9999400199297416,0.6791606668512863,0.9963430519155813,0.9999994851564401,84,11,77,733533,0.11578947368421053,0.00010496040130314472,MLP(16),46,bot,14.9,38964,733705,"bytes_src,byte_asymmetry,bytes_total,payload_mean_src,byte_rate,flow_rate,duration,pkt_asymmetry,pkts_total,bytes_dst",0.0,0.0,50.0,cat,382,19100,19482,38964,40000,382,128834,2934435
0.9359852164230378,0.9427821618181254,0.9854242753265554,0.9298643236362507,0.9568384396664643,0.8386614998928625,0.9834360877394517,0.9908936375968679,9557,443,2259,29950,0.0443,0.07013567636374926,"KAN(cat,1L)",47,ton,5.3,38964,42209,"bytes_src,byte_asymmetry,bytes_total,payload_mean_src,byte_rate,flow_rate,duration,pkt_asymmetry,pkts_total,bytes_dst",0.0,0.0,50.0,cat,382,19100,19482,38964,40000,382,128834,2934435
0.9933774473391894,0.9966882948705715,1.0,0.9933765897411431,0.9966772910382594,0.13801959924232438,0.9971828140436013,0.9999996304523275,95,0,4859,728751,0.0,0.006623410258856886,"KAN(cat,1L)",47,bot,19.7,38964,733705,"bytes_src,byte_asymmetry,bytes_total,payload_mean_src,byte_rate,flow_rate,duration,pkt_asymmetry,pkts_total,bytes_dst",0.0,0.0,50.0,cat,382,19100,19482,38964,40000,382,128834,2934435
0.9894572247624914,0.9830248874538172,0.9909731668109312,0.9952497749076346,0.9931068667998822,0.970742240437026,0.9973188285882829,0.9986342085250514,9708,292,153,32056,0.0292,0.004750225092365488,"KAN(cat,ML)",47,ton,104.1,38964,42209,"bytes_src,byte_asymmetry,bytes_total,payload_mean_src,byte_rate,flow_rate,duration,pkt_asymmetry,pkts_total,bytes_dst",0.0,0.0,50.0,cat,382,19100,19482,38964,40000,382,128834,2934435
0.9968434179949708,0.9984215046141682,1.0,0.9968430092283366,0.9984190090272127,0.19818764687744894,0.999822134089603,0.9999999748511761,95,0,2316,731294,0.0,0.0031569907716634178,"KAN(cat,ML)",47,bot,119.6,38964,733705,"bytes_src,byte_asymmetry,bytes_total,payload_mean_src,byte_rate,flow_rate,duration,pkt_asymmetry,pkts_total,bytes_dst",0.0,0.0,50.0,cat,382,19100,19482,38964,40000,382,128834,2934435
0.9773744935914142,0.9644201651712254,0.9814529545874668,0.9890403303424509,0.9852320348864181,0.9370100063845158,0.9784797820484957,0.9885634645551936,9398,602,353,31856,0.0602,0.010959669657549131,DecisionTree(d=5),47,ton,0.6,38964,42209,"bytes_src,byte_asymmetry,bytes_total,payload_mean_src,byte_rate,flow_rate,duration,pkt_asymmetry,pkts_total,bytes_dst",0.0,0.0,50.0,cat,382,19100,19482,38964,40000,382,128834,2934435
0.9967875372254517,0.9826061316101558,0.99999589748639,0.9967912105887324,0.9983909824018393,0.19052563448903434,0.9890404768344574,0.9999971317145557,92,3,2354,731256,0.031578947368421054,0.0032087894112675674,DecisionTree(d=5),47,bot,5.2,38964,733705,"bytes_src,byte_asymmetry,bytes_total,payload_mean_src,byte_rate,flow_rate,duration,pkt_asymmetry,pkts_total,bytes_dst",0.0,0.0,50.0,cat,382,19100,19482,38964,40000,382,128834,2934435
0.9888886256485584,0.9786530597038094,0.987467747880575,0.998106119407619,0.9927584343395353,0.9691539781300675,0.9978822720357666,0.9991454423976218,9592,408,61,32148,0.0408,0.0018938805923810116,LightGBM,47,ton,5.7,38964,42209,"bytes_src,byte_asymmetry,bytes_total,payload_mean_src,byte_rate,flow_rate,duration,pkt_asymmetry,pkts_total,bytes_dst",0.0,0.0,50.0,cat,382,19100,19482,38964,40000,382,128834,2934435
0.9968461438861668,0.9931603914025737,0.999998632568392,0.9968470985946212,0.9984203786176333,0.1962580006648478,0.9998729211491262,0.9999999794023531,94,1,2313,731297,0.010526315789473684,0.00315290140537888,LightGBM,47,bot,23.5,38964,733705,"bytes_src,byte_asymmetry,bytes_total,payload_mean_src,byte_rate,flow_rate,duration,pkt_asymmetry,pkts_total,bytes_dst",0.0,0.0,50.0,cat,382,19100,19482,38964,40000,382,128834,2934435
0.9853111895567296,0.9697929569375019,0.9817893420370314,0.9992859138750039,0.9904603643525357,0.9592615861796068,0.9973643345027787,0.998741651235056,9403,597,23,32186,0.0597,0.0007140861249961191,XGBoost,47,ton,2.5,38964,42209,"bytes_src,byte_asymmetry,bytes_total,payload_mean_src,byte_rate,flow_rate,duration,pkt_asymmetry,pkts_total,bytes_dst",0.0,0.0,50.0,cat,382,19100,19482,38964,40000,382,128834,2934435
0.9998677942769915,0.9683590305762635,0.9999918203196891,0.9998759558893691,0.9999338847481657,0.6805493217198565,0.9998787251795196,0.9999999801513368,89,6,91,733519,0.06315789473684211,0.00012404411063098923,XGBoost,47,bot,9.7,38964,733705,"bytes_src,byte_asymmetry,bytes_total,payload_mean_src,byte_rate,flow_rate,duration,pkt_asymmetry,pkts_total,bytes_dst",0.0,0.0,50.0,cat,382,19100,19482,38964,40000,382,128834,2934435
0.9507214101258026,0.9003440249619672,0.9425918853012898,0.9960880499239343,0.9686018778492287,0.8616128179493573,0.9915029262007514,0.997069929590126,8046,1954,126,32083,0.1954,0.003911950076065696,MLP(16),47,ton,7.0,38964,42209,"bytes_src,byte_asymmetry,bytes_total,payload_mean_src,byte_rate,flow_rate,duration,pkt_asymmetry,pkts_total,bytes_dst",0.0,0.0,50.0,cat,382,19100,19482,38964,40000,382,128834,2934435
0.9998732460593835,0.9525743278193849,0.9999877306467994,0.9998854977440329,0.9999366115823589,0.6766739437037077,0.9995824828766754,0.99999994169271,86,9,84,733526,0.09473684210526316,0.00011450225596706697,MLP(16),47,bot,13.1,38964,733705,"bytes_src,byte_asymmetry,bytes_total,payload_mean_src,byte_rate,flow_rate,duration,pkt_asymmetry,pkts_total,bytes_dst",0.0,0.0,50.0,cat,382,19100,19482,38964,40000,382,128834,2934435
0.9336397450780639,0.940900560402372,0.9850564095797322,0.927101120804744,0.9552004862210707,0.8334036935474114,0.9829359852836163,0.9903201221015991,9547,453,2348,29861,0.0453,0.07289887919525598,"KAN(cat,1L)",48,ton,5.0,38964,42209,"bytes_src,byte_asymmetry,payload_mean_src,bytes_total,byte_rate,flow_rate,pkt_asymmetry,duration,pkts_total,bytes_dst",0.0,0.0,50.0,cat,382,19100,19482,38964,40000,382,128834,2934435
0.9932466045617789,0.9913603886763296,0.9999986276121687,0.9932470931421328,0.9966114259570926,0.13527056950413377,0.9975490634275059,0.9999996806277678,94,1,4954,728656,0.010526315789473684,0.006752906857867259,"KAN(cat,1L)",48,bot,19.5,38964,733705,"bytes_src,byte_asymmetry,payload_mean_src,bytes_total,byte_rate,flow_rate,pkt_asymmetry,duration,pkts_total,bytes_dst",0.0,0.0,50.0,cat,382,19100,19482,38964,40000,382,128834,2934435
0.9892203084650193,0.98400737216306,0.991974467030243,0.99391474432612,0.9929436578216839,0.970130162820822,0.9974614905771678,0.9989316418170952,9741,259,196,32013,0.0259,0.006085255673879971,"KAN(cat,ML)",48,ton,111.0,38964,42209,"bytes_src,byte_asymmetry,payload_mean_src,bytes_total,byte_rate,flow_rate,pkt_asymmetry,duration,pkts_total,bytes_dst",0.0,0.0,50.0,cat,382,19100,19482,38964,40000,382,128834,2934435
0.9962505366598292,0.9928625492248498,0.9999986317507706,0.9962514142391734,0.9981215059909004,0.18049619401899977,0.9998833741432956,0.9999999841587158,94,1,2750,730860,0.010526315789473684,0.003748585760826597,"KAN(cat,ML)",48,bot,126.2,38964,733705,"bytes_src,byte_asymmetry,payload_mean_src,bytes_total,byte_rate,flow_rate,pkt_asymmetry,duration,pkts_total,bytes_dst",0.0,0.0,50.0,cat,382,19100,19482,38964,40000,382,128834,2934435
0.9754791632116373,0.9637988512527554,0.9819429843547091,0.9859977025055109,0.9839661662871219,0.9319063789271744,0.9817614145114719,0.9895672464740172,9416,584,451,31758,0.0584,0.014002297494489118,DecisionTree(d=5),48,ton,0.6,38964,42209,"bytes_src,byte_asymmetry,payload_mean_src,bytes_total,byte_rate,flow_rate,pkt_asymmetry,duration,pkts_total,bytes_dst",0.0,0.0,50.0,cat,382,19100,19482,38964,40000,382,128834,2934435
0.9967275676191385,0.9825761429240691,0.999995897239526,0.9967312332165592,0.9983608963528067,0.18882871950781258,0.9848257463631545,0.9999960846862949,92,3,2398,731212,0.031578947368421054,0.003268766783440793,DecisionTree(d=5),48,bot,5.6,38964,733705,"bytes_src,byte_asymmetry,payload_mean_src,bytes_total,byte_rate,flow_rate,pkt_asymmetry,duration,pkts_total,bytes_dst",0.0,0.0,50.0,cat,382,19100,19482,38964,40000,382,128834,2934435
0.989409841502997,0.9807873513614207,0.9890373837531564,0.9971747027228415,0.9930893743332869,0.9705899250134875,0.9969959452326989,0.9986145329260003,9644,356,91,32118,0.0356,0.0028252972771585583,LightGBM,48,ton,6.1,38964,42209,"bytes_src,byte_asymmetry,payload_mean_src,bytes_total,byte_rate,flow_rate,pkt_asymmetry,duration,pkts_total,bytes_dst",0.0,0.0,50.0,cat,382,19100,19482,38964,40000,382,128834,2934435
0.996757552422295,0.9931160899344912,0.9999986324468398,0.9967584956584561,0.9983759351684788,0.1936517689805775,0.9998709912552131,0.9999999818184138,94,1,2378,731232,0.010526315789473684,0.0032415043415438723,LightGBM,48,bot,27.3,38964,733705,"bytes_src,byte_asymmetry,payload_mean_src,bytes_total,byte_rate,flow_rate,pkt_asymmetry,duration,pkts_total,bytes_dst",0.0,0.0,50.0,cat,382,19100,19482,38964,40000,382,128834,2934435
0.983889691771897,0.9671377208233723,0.9802882125338939,0.9989754416467447,0.9895436093000369,0.9552876045000975,0.9970370890123877,0.9983750802381801,9353,647,33,32176,0.0647,0.0010245583532553014,XGBoost,48,ton,2.4,38964,42209,"bytes_src,byte_asymmetry,payload_mean_src,bytes_total,byte_rate,flow_rate,pkt_asymmetry,duration,pkts_total,bytes_dst",0.0,0.0,50.0,cat,382,19100,19482,38964,40000,382,128834,2934435
0.999895053188952,0.9894225671319696,0.9999972734845004,0.9998977658428866,0.9999475171881209,0.7361100668298528,0.9999147116028235,0.9999999875134209,93,2,75,733535,0.021052631578947368,0.00010223415711345266,XGBoost,48,bot,10.4,38964,733705,"bytes_src,byte_asymmetry,payload_mean_src,bytes_total,byte_rate,flow_rate,pkt_asymmetry,duration,pkts_total,bytes_dst",0.0,0.0,50.0,cat,382,19100,19482,38964,40000,382,128834,2934435
0.9397521855528442,0.876987166630445,0.9297925359295317,0.9962743332608898,0.9618860628587701,0.8302318219601885,0.9908365161911267,0.9964081803326811,7577,2423,120,32089,0.2423,0.0037256667391101866,MLP(16),48,ton,8.2,38964,42209,"bytes_src,byte_asymmetry,payload_mean_src,bytes_total,byte_rate,flow_rate,pkt_asymmetry,duration,pkts_total,bytes_dst",0.0,0.0,50.0,cat,382,19100,19482,38964,40000,382,128834,2934435
0.9998555277666092,0.9525654675257684,0.9999877304293532,0.9998677771568,0.9999277501956197,0.6521893691248246,0.9993484706846244,0.9999999137036959,86,9,97,733513,0.09473684210526316,0.00013222284320006544,MLP(16),48,bot,14.2,38964,733705,"bytes_src,byte_asymmetry,payload_mean_src,bytes_total,byte_rate,flow_rate,pkt_asymmetry,duration,pkts_total,bytes_dst",0.0,0.0,50.0,cat,382,19100,19482,38964,40000,382,128834,2934435
0.9362221327205098,0.943764831258344,0.9861966727063087,0.9294296625166879,0.9569720606099354,0.8396995440259493,0.9855828433046663,0.9924726986133872,9581,419,2273,29936,0.0419,0.07057033748331212,"KAN(cat,1L)",49,ton,6.1,38964,42209,"bytes_src,byte_asymmetry,bytes_total,payload_mean_src,byte_rate,flow_rate,duration,pkts_total,pkt_asymmetry,bytes_dst",0.0,0.0,50.0,cat,382,19100,19482,38964,40000,382,128834,2934435
0.9934142468703362,0.9914442206851626,0.9999986278437938,0.9934147571597988,0.9966958198565362,0.13696112402372423,0.9971778207121381,0.9999996323064333,94,1,4831,728779,0.010526315789473684,0.006585242840201197,"KAN(cat,1L)",49,bot,21.0,38964,733705,"bytes_src,byte_asymmetry,bytes_total,payload_mean_src,byte_rate,flow_rate,duration,pkts_total,pkt_asymmetry,bytes_dst",0.0,0.0,50.0,cat,382,19100,19482,38964,40000,382,128834,2934435
0.9895756829112274,0.9826543124592506,0.9905803144013094,0.9958086249185011,0.9931875890258253,0.971060598066273,0.995839079139371,0.9981589431016593,9695,305,135,32074,0.0305,0.00419137508149896,"KAN(cat,ML)",49,ton,100.7,38964,42209,"bytes_src,byte_asymmetry,bytes_total,payload_mean_src,byte_rate,flow_rate,duration,pkts_total,pkt_asymmetry,bytes_dst",0.0,0.0,50.0,cat,382,19100,19482,38964,40000,382,128834,2934435
0.996757552422295,0.9825911372671123,0.9999958973629617,0.9967612219026458,0.9983759396032487,0.1896715113239655,0.9985359494755208,0.9999997977791574,92,3,2376,731234,0.031578947368421054,0.00323877809735418,"KAN(cat,ML)",49,bot,116.7,38964,733705,"bytes_src,byte_asymmetry,bytes_total,payload_mean_src,byte_rate,flow_rate,duration,pkts_total,pkt_asymmetry,bytes_dst",0.0,0.0,50.0,cat,382,19100,19482,38964,40000,382,128834,2934435
0.9801937975313322,0.9679223415815456,0.9829438748806995,0.9912446831630911,0.9870768279486783,0.9448566440845414,0.9556370564128039,0.97433078930541,9446,554,282,31927,0.0554,0.008755316836908939,DecisionTree(d=5),49,ton,0.6,38964,42209,"bytes_src,byte_asymmetry,bytes_total,payload_mean_src,byte_rate,flow_rate,duration,pkts_total,pkt_asymmetry,bytes_dst",0.0,0.0,50.0,cat,382,19100,19482,38964,40000,382,128834,2934435
0.9966444279376588,0.966747138699108,0.9999917938618086,0.9966521721350582,0.998319190043488,0.18065749270748824,0.9617939834660464,0.9999898233943815,89,6,2456,731154,0.06315789473684211,0.0033478278649418628,DecisionTree(d=5),49,bot,5.7,38964,733705,"bytes_src,byte_asymmetry,bytes_total,payload_mean_src,byte_rate,flow_rate,duration,pkts_total,pkt_asymmetry,bytes_dst",0.0,0.0,50.0,cat,382,19100,19482,38964,40000,382,128834,2934435
0.9888886256485584,0.9788254416467447,0.987617525963252,0.9979508832934894,0.9927573160373716,0.9691500766612589,0.9967116147660592,0.9986339695162443,9597,403,66,32143,0.0403,0.0020491167065106028,LightGBM,49,ton,8.7,38964,42209,"bytes_src,byte_asymmetry,bytes_total,payload_mean_src,byte_rate,flow_rate,duration,pkts_total,pkt_asymmetry,bytes_dst",0.0,0.0,50.0,cat,382,19100,19482,38964,40000,382,128834,2934435
0.996749374748707,0.9931120005682066,0.9999986324356185,0.996750316925887,0.9983718324974041,0.19341637118388003,0.9999221729027111,0.9999999885082568,94,1,2384,731226,0.010526315789473684,0.003249683074112948,LightGBM,49,bot,32.8,38964,733705,"bytes_src,byte_asymmetry,bytes_total,payload_mean_src,byte_rate,flow_rate,duration,pkts_total,pkt_asymmetry,bytes_dst",0.0,0.0,50.0,cat,382,19100,19482,38964,40000,382,128834,2934435
0.9823497358383283,0.9635429569375019,0.9780600461893765,0.9992859138750039,0.9885590552390313,0.9510274155544407,0.9971100453289451,0.9988391357485346,9278,722,23,32186,0.0722,0.0007140861249961191,XGBoost,49,ton,2.8,38964,42209,"bytes_src,byte_asymmetry,bytes_total,payload_mean_src,byte_rate,flow_rate,duration,pkts_total,pkt_asymmetry,bytes_dst",0.0,0.0,50.0,cat,382,19100,19482,38964,40000,382,128834,2934435
0.999841898310629,0.9788710335837412,0.9999945467088024,0.9998473303253772,0.9999209330984955,0.6552308203624367,0.9998413612854671,0.99999997801856,91,4,112,733498,0.042105263157894736,0.00015266967462275596,XGBoost,49,bot,16.2,38964,733705,"bytes_src,byte_asymmetry,bytes_total,payload_mean_src,byte_rate,flow_rate,duration,pkts_total,pkt_asymmetry,bytes_dst",0.0,0.0,50.0,cat,382,19100,19482,38964,40000,382,128834,2934435
0.9498922030846502,0.8991111707907727,0.9420128077081252,0.9956223415815455,0.9680759535705121,0.8591592859166538,0.9907550187835699,0.9966393313671951,8026,1974,141,32068,0.1974,0.004377658418454469,MLP(16),49,ton,8.3,38964,42209,"bytes_src,byte_asymmetry,bytes_total,payload_mean_src,byte_rate,flow_rate,duration,pkts_total,pkt_asymmetry,bytes_dst",0.0,0.0,50.0,cat,382,19100,19482,38964,40000,382,128834,2934435
0.999850075984217,0.9525627412815787,0.9999877303624451,0.9998623246684205,0.999925023583491,0.6451742489847175,0.9902654142205202,0.9999985708739679,86,9,101,733509,0.09473684210526316,0.00013767533157944958,MLP(16),49,bot,14.6,38964,733705,"bytes_src,byte_asymmetry,bytes_total,payload_mean_src,byte_rate,flow_rate,duration,pkts_total,pkt_asymmetry,bytes_dst",0.0,0.0,50.0,cat,382,19100,19482,38964,40000,382,128834,2934435
0.9368381150939373,0.9431341534974697,0.9852501560395519,0.9311683069949394,0.9574461292897047,0.8403748610891348,0.9821993449035985,0.9903324569985892,9551,449,2217,29992,0.0449,0.0688316930050607,"KAN(cat,1L)",50,ton,6.1,38964,42209,"bytes_src,bytes_total,byte_asymmetry,payload_mean_src,byte_rate,flow_rate,duration,pkts_total,pkt_asymmetry,bytes_dst",0.0,0.0,50.0,cat,382,19100,19482,38964,40000,382,128834,2934435
0.9932956706033079,0.980859972206658,0.9999958830625074,0.9932988917817369,0.9966361372817062,0.13290379915425926,0.9972208810216816,0.9999996378722793,92,3,4916,728694,0.031578947368421054,0.00670110821826311,"KAN(cat,1L)",50,bot,20.3,38964,733705,"bytes_src,bytes_total,byte_asymmetry,payload_mean_src,byte_rate,flow_rate,duration,pkts_total,pkt_asymmetry,bytes_dst",0.0,0.0,50.0,cat,382,19100,19482,38964,40000,382,128834,2934435
0.9872065199365064,0.9785506985625136,0.9883122089616677,0.9950013971250272,0.991645522618974,0.9644491970641165,0.9958637275295725,0.9981473460391208,9621,379,161,32048,0.0379,0.004998602874972833,"KAN(cat,ML)",50,ton,77.4,38964,42209,"bytes_src,bytes_total,byte_asymmetry,payload_mean_src,byte_rate,flow_rate,duration,pkts_total,pkt_asymmetry,bytes_dst",0.0,0.0,50.0,cat,382,19100,19482,38964,40000,382,128834,2934435
0.9968420550493727,0.9984208230531209,1.0,0.9968416461062417,0.9984183253089113,0.1981464234668608,0.9997677598666723,0.9999999692178908,95,0,2317,731293,0.0,0.003158353893758264,"KAN(cat,ML)",50,bot,88.8,38964,733705,"bytes_src,bytes_total,byte_asymmetry,payload_mean_src,byte_rate,flow_rate,duration,pkts_total,pkt_asymmetry,bytes_dst",0.0,0.0,50.0,cat,382,19100,19482,38964,40000,382,128834,2934435
0.9754791632116373,0.9614889332174237,0.9799544278852076,0.9880778664348474,0.9839993816186133,0.9316982486921991,0.9790155965723866,0.9890330704825163,9349,651,384,31825,0.0651,0.011922133565152596,DecisionTree(d=5),50,ton,0.4,38964,42209,"bytes_src,bytes_total,byte_asymmetry,payload_mean_src,byte_rate,flow_rate,duration,pkts_total,pkt_asymmetry,bytes_dst",0.0,0.0,50.0,cat,382,19100,19482,38964,40000,382,128834,2934435
0.9964617932275234,0.9929681911872004,0.9999986320408856,0.9964626981638746,0.9982275338550592,0.18564552052484315,0.9995588434698202,0.9999999023781095,94,1,2595,731015,0.010526315789473684,0.003537301836125462,DecisionTree(d=5),50,bot,3.9,38964,733705,"bytes_src,bytes_total,byte_asymmetry,payload_mean_src,byte_rate,flow_rate,duration,pkts_total,pkt_asymmetry,bytes_dst",0.0,0.0,50.0,cat,382,19100,19482,38964,40000,382,128834,2934435
0.9890544670567888,0.9790030597038095,0.9876801130603091,0.998106119407619,0.9928657463170574,0.969615424426152,0.9952065913254059,0.9981078449671577,9599,401,61,32148,0.0401,0.0018938805923810116,LightGBM,50,ton,6.7,38964,42209,"bytes_src,bytes_total,byte_asymmetry,payload_mean_src,byte_rate,flow_rate,duration,pkts_total,pkt_asymmetry,bytes_dst",0.0,0.0,50.0,cat,382,19100,19482,38964,40000,382,128834,2934435
0.9968734027981273,0.9826490699561434,0.9999958978398025,0.9968770872807078,0.9984340570074243,0.19303655259566563,0.9998305567492839,0.9999999766704012,92,3,2291,731319,0.031578947368421054,0.003122912719292267,LightGBM,50,bot,52.9,38964,733705,"bytes_src,bytes_total,byte_asymmetry,payload_mean_src,byte_rate,flow_rate,duration,pkts_total,pkt_asymmetry,bytes_dst",0.0,0.0,50.0,cat,382,19100,19482,38964,40000,382,128834,2934435
0.9846241322940605,0.9682740041603279,0.9808629936616284,0.9993480083206557,0.9900192233756248,0.9573564831333787,0.9946906842807912,0.997398649308167,9372,628,21,32188,0.0628,0.0006519916793442826,XGBoost,50,ton,3.0,38964,42209,"bytes_src,bytes_total,byte_asymmetry,payload_mean_src,byte_rate,flow_rate,duration,pkts_total,pkt_asymmetry,bytes_dst",0.0,0.0,50.0,cat,382,19100,19482,38964,40000,382,128834,2934435
0.9998786978417756,0.9788894357320217,0.9999945469095292,0.999884134621938,0.9999393377178304,0.7037115809018079,0.9999393912870671,0.9999999907682997,91,4,85,733525,0.042105263157894736,0.00011586537806191301,XGBoost,50,bot,14.9,38964,733705,"bytes_src,bytes_total,byte_asymmetry,payload_mean_src,byte_rate,flow_rate,duration,pkts_total,pkt_asymmetry,bytes_dst",0.0,0.0,50.0,cat,382,19100,19482,38964,40000,382,128834,2934435
0.905825771754839,0.8043183985842466,0.8920735432983392,0.9972367971684932,0.9417283588653522,0.7309009007076093,0.9904755130553571,0.9966467226633683,6114,3886,89,32120,0.3886,0.0027632028315067217,MLP(16),50,ton,6.1,38964,42209,"bytes_src,bytes_total,byte_asymmetry,payload_mean_src,byte_rate,flow_rate,duration,pkts_total,pkt_asymmetry,bytes_dst",0.0,0.0,50.0,cat,382,19100,19482,38964,40000,382,128834,2934435
0.9998718831137855,0.9420486935909587,0.9999850041851955,0.9998868608661278,0.9999359301174796,0.6668451349417545,0.9972233920360667,0.9999996198194812,84,11,83,733527,0.11578947368421053,0.00011313913387222093,MLP(16),50,bot,10.7,38964,733705,"bytes_src,bytes_total,byte_asymmetry,payload_mean_src,byte_rate,flow_rate,duration,pkts_total,pkt_asymmetry,bytes_dst",0.0,0.0,50.0,cat,382,19100,19482,38964,40000,382,128834,2934435
0.9340425027837665,0.9396819770871496,0.9836933293881711,0.9289639541742991,0.9555456200300195,0.8333076256974824,0.981676489490515,0.9901652804564443,9504,496,2288,29921,0.0496,0.07103604582570089,"KAN(cat,1L)",51,ton,4.0,38964,42209,"bytes_src,payload_mean_src,byte_asymmetry,bytes_total,byte_rate,flow_rate,duration,pkt_asymmetry,pkts_total,bytes_dst",0.0,0.0,50.0,cat,382,19100,19482,38964,40000,382,128834,2934435
0.9935055642254039,0.9862274089416505,0.999997255947391,0.9935074494622483,0.9967417890005805,0.13646011600159258,0.9976752454875277,0.9999996970522771,93,2,4763,728847,0.021052631578947368,0.006492550537751667,"KAN(cat,1L)",51,bot,14.3,38964,733705,"bytes_src,payload_mean_src,byte_asymmetry,bytes_total,byte_rate,flow_rate,duration,pkt_asymmetry,pkts_total,bytes_dst",0.0,0.0,50.0,cat,382,19100,19482,38964,40000,382,128834,2934435
0.9884384846833614,0.9808748874538173,0.9896576209440894,0.9952497749076346,0.9924458204334365,0.9678922715394682,0.9962634248191499,0.9983597716162809,9665,335,153,32056,0.0335,0.004750225092365488,"KAN(cat,ML)",51,ton,116.9,38964,42209,"bytes_src,payload_mean_src,byte_asymmetry,bytes_total,byte_rate,flow_rate,duration,pkt_asymmetry,pkts_total,bytes_dst",0.0,0.0,50.0,cat,382,19100,19482,38964,40000,382,128834,2934435
0.9968393291581766,0.9984194599310261,1.0,0.9968389198620521,0.9984169578695079,0.1980640534201142,0.9999518172211105,0.9999999930532242,95,0,2319,731291,0.0,0.003161080137947956,"KAN(cat,ML)",51,bot,135.4,38964,733705,"bytes_src,payload_mean_src,byte_asymmetry,bytes_total,byte_rate,flow_rate,duration,pkt_asymmetry,pkts_total,bytes_dst",0.0,0.0,50.0,cat,382,19100,19482,38964,40000,382,128834,2934435
0.9780141675945888,0.9671836971032941,0.9834925345451173,0.9877673942065882,0.9856253291613742,0.9389390642247517,0.9615837576453787,0.9789657632420724,9466,534,394,31815,0.0534,0.01223260579341178,DecisionTree(d=5),51,ton,0.7,38964,42209,"bytes_src,payload_mean_src,byte_asymmetry,bytes_total,byte_rate,flow_rate,duration,pkt_asymmetry,pkts_total,bytes_dst",0.0,0.0,50.0,cat,382,19100,19482,38964,40000,382,128834,2934435
0.9967330194015306,0.9931038218356376,0.9999986324131753,0.9967339594607489,0.9983636270544263,0.19294812772433867,0.9942065158670998,0.9999985088142038,94,1,2396,731214,0.010526315789473684,0.003266040539251101,DecisionTree(d=5),51,bot,8.1,38964,733705,"bytes_src,payload_mean_src,byte_asymmetry,bytes_total,byte_rate,flow_rate,duration,pkt_asymmetry,pkts_total,bytes_dst",0.0,0.0,50.0,cat,382,19100,19482,38964,40000,382,128834,2934435
0.9888175507593168,0.9787099180353318,0.9875564568162964,0.9979198360706635,0.9927111001297177,0.9689515085943705,0.9975403753609239,0.9990812189451924,9595,405,67,32142,0.0405,0.002080163929336521,LightGBM,51,ton,65.0,38964,42209,"bytes_src,payload_mean_src,byte_asymmetry,bytes_total,byte_rate,flow_rate,duration,pkt_asymmetry,pkts_total,bytes_dst",0.0,0.0,50.0,cat,382,19100,19482,38964,40000,382,128834,2934435
0.9968434179949708,0.9931590282804789,0.9999986325646524,0.9968443723504314,0.9984190111857006,0.19617624110436488,0.9998787538768269,0.9999999828844582,94,1,2315,731295,0.010526315789473684,0.003155627649568572,LightGBM,51,bot,115.9,38964,733705,"bytes_src,payload_mean_src,byte_asymmetry,bytes_total,byte_rate,flow_rate,duration,pkt_asymmetry,pkts_total,bytes_dst",0.0,0.0,50.0,cat,382,19100,19482,38964,40000,382,128834,2934435
0.9817811367243953,0.9628945791548946,0.9778115501519757,0.9987891583097892,0.9881890368459045,0.9494044153265658,0.9968118662485642,0.9987545396933086,9270,730,39,32170,0.073,0.0012108416902108106,XGBoost,51,ton,1.0,38964,42209,"bytes_src,payload_mean_src,byte_asymmetry,bytes_total,byte_rate,flow_rate,duration,pkt_asymmetry,pkts_total,bytes_dst",0.0,0.0,50.0,cat,382,19100,19482,38964,40000,382,128834,2934435
0.9998637054401973,0.9683569858931211,0.9999918202862355,0.9998718665230845,0.9999318398071885,0.67494643112037,0.9999356749857768,0.9999999902595395,89,6,94,733516,0.06315789473684211,0.00012813347691552733,XGBoost,51,bot,5.4,38964,733705,"bytes_src,payload_mean_src,byte_asymmetry,bytes_total,byte_rate,flow_rate,duration,pkt_asymmetry,pkts_total,bytes_dst",0.0,0.0,50.0,cat,382,19100,19482,38964,40000,382,128834,2934435
0.9357009168660713,0.8675407805271819,0.9245717575932056,0.9970815610543637,0.9594586520076482,0.8187738265627571,0.9907427442640256,0.996690597238175,7380,2620,94,32115,0.262,0.002918438945636313,MLP(16),51,ton,5.5,38964,42209,"bytes_src,payload_mean_src,byte_asymmetry,bytes_total,byte_rate,flow_rate,duration,pkt_asymmetry,pkts_total,bytes_dst",0.0,0.0,50.0,cat,382,19100,19482,38964,40000,382,128834,2934435
0.9998514389298151,0.9473009465089367,0.9999863671251402,0.9998650509126102,0.999925705339196,0.6428491135905234,0.9994265991036396,0.9999999241223325,85,10,99,733511,0.10526315789473684,0.0001349490873897575,MLP(16),51,bot,9.7,38964,733705,"bytes_src,payload_mean_src,byte_asymmetry,bytes_total,byte_rate,flow_rate,duration,pkt_asymmetry,pkts_total,bytes_dst",0.0,0.0,50.0,cat,382,19100,19482,38964,40000,382,128834,2934435
